seed,self,static,swarm,self_minus_static,static_minus_swarm,self_minus_swarm
42,0.40173465629951643,0.40058592415783023,0.4002600525367256,0.001148732141686204,0.0003258716211046453,0.0014746037627908493
43,0.40436320877747156,0.40367260726571,0.4031226159536593,0.000690601511761535,0.000549991312050746,0.001240592823812281
44,0.409160179019641,0.40630668710394524,0.4063070424584636,0.0028534919156957828,-3.553545183665463e-07,0.002853136561177416
45,0.4052497111770508,0.40435281612023066,0.40469156820854485,0.0008968950568201128,-0.000338752088314187,0.0005581429685059258
46,0.40517115165790735,0.4060669028115604,0.4065898354419473,-0.0008957511536530349,-0.0005229326303869408,-0.0014186837840399757
47,0.40410580431402404,0.40297359234727625,0.4035158738297915,0.001132211966747787,-0.0005422814825152278,0.0005899304842325592
48,0.4017825645558822,0.4019449021161826,0.40245225059245393,-0.00016233756030042956,-0.0005073484762713187,-0.0006696860365717483
49,0.4037789106291566,0.4030448792178466,0.40284297617134013,0.0007340314113100099,0.00020190304650646862,0.0009359344578164785
50,0.4041040424748698,0.40330263038056274,0.4031818788163929,0.0008014120943070635,0.000120751564169852,0.0009221636584769155
51,0.4053266251160861,0.4011785533820176,0.40265455079512286,0.004148071734068504,-0.0014759974131052789,0.0026720743209632247
