epoch,train_MSE,macro_MAE,pooled_MAE,pooled_RMSE
1,0.6103927541726802,0.4539424069963019,0.4562874833089824,0.6066453887023033
2,0.44790204760918556,0.44294600775983217,0.44814679127936075,0.5999060278896179
3,0.41841106628024927,0.41986901625146705,0.424336307919218,0.5700321213578412
4,0.4072536027456427,0.4228230299786665,0.4259163013142725,0.5701526724375201
5,0.3941629928026239,0.4060392905101191,0.4108809255912941,0.5556197076303155
6,0.380932365657146,0.4045974669504929,0.4102645343213597,0.5589000612257295
7,0.3784148243244223,0.41122160590377743,0.4140639533268603,0.5578187168742951
8,0.36655660017264935,0.41623594193470176,0.41749532777790294,0.563847500195431
9,0.36110811749138094,0.42157895391288613,0.42232954079243284,0.5751403212945069
10,0.35651112057923273,0.4186278487644647,0.41950826657700696,0.5707562854156378
11,0.35461812616018074,0.43294469835563404,0.4340066790524274,0.589166496427665
12,0.3494091440444212,0.4107025651026747,0.41232871064077997,0.5581188885315852
13,0.34166272919796503,0.41493166845063956,0.4146755692210214,0.5636473885008854
14,0.3398949265105954,0.4414937419510464,0.438523558140831,0.5959145180048573
15,0.33633221611068836,0.40435281612023066,0.40601203123179697,0.5548900955275348
16,0.3261185290299699,0.4140656849783392,0.41484256430693245,0.5669439226957415
17,0.3268526404098487,0.41232555367658147,0.4136521768471884,0.564024187830334
18,0.32826658949318294,0.4190329964860554,0.4186511558223554,0.5691692599661354
19,0.3184784076266209,0.4046341302833149,0.40838295059953145,0.5584683246178642
20,0.3191364480486475,0.4128089071611107,0.4150886939918463,0.5675026812247981
21,0.3141286863193352,0.4158601572047888,0.41581971284358676,0.5701574023512489
22,0.3097367218722858,0.4328880605689556,0.4330989156604999,0.5957454732450701
23,0.3060498757903546,0.4270059513486598,0.4270616679715149,0.5821613692741315
24,0.29893153388380506,0.408176914673692,0.4118083692583172,0.5677098708239844
25,0.2982890903326258,0.4190479481896768,0.41897721454317444,0.5760225134248359
26,0.29869306714090843,0.4308982631546018,0.4296706941564215,0.5900320640350205
27,0.29157285520097703,0.411531192905363,0.4167966639292944,0.576377447094991
28,0.2903696723500555,0.40568806391995715,0.4095922456296047,0.5660753859398778
29,0.29152590173557713,0.4082414505837837,0.40912041293430945,0.5648853008723691
30,0.2843413794701568,0.4170516974212231,0.4162638671231083,0.5715366210145884
31,0.2869282094566892,0.4182430928637887,0.4176660221191356,0.5747075586388675
32,0.28134947940395466,0.43332812766195505,0.43311123433876075,0.5993077910200921
33,0.2778962381090579,0.42951542062429837,0.4271337416416543,0.590719735464795
34,0.2728253747940562,0.4135682601942606,0.41942188686343895,0.5790914088313616
35,0.26961499976313763,0.4279648425814391,0.42523945164991694,0.5936502398817899
36,0.2713870298600596,0.41711096319750046,0.41649257026223846,0.5758266617598239
37,0.26890847719738176,0.41552488186145575,0.41762661410540225,0.576872111312564
38,0.2661252961684969,0.42483267614813985,0.42445071338851176,0.5867242837935109
39,0.2645381925058664,0.421863708697018,0.4222830824210504,0.5801929723006448
40,0.25748785712978334,0.43395513629099575,0.43238993136869147,0.6017765656811114
