protein,length,raw_rows,single_mutations,split
1A32.pdb,63,1391,1195,train
1AOY.pdb,69,1523,1287,train
1E0L.pdb,37,1240,618,train
1E6H.pdb,61,1744,1087,train
1ENH.pdb,48,1455,902,train
1F0M.pdb,66,2256,1238,train
1GJS.pdb,45,990,812,train
1GL5.pdb,58,4366,1072,train
1H8K.pdb,56,1637,1011,train
1H92.pdb,57,2459,983,train
1I2T.pdb,58,1669,1093,train
1IFY.pdb,44,1243,798,train
1JIC.pdb,55,1214,1008,train
1K1V.pdb,41,1681,760,train
1LP1.pdb,55,2416,1035,train
1O6X.pdb,72,2389,1356,train
1OPS.pdb,63,2190,1008,train
1ORC.pdb,63,2593,1195,train
1PV0.pdb,44,3137,834,train
1PWT.pdb,57,1659,985,train
1QKX.pdb,56,1635,956,train
1QLY.pdb,58,2082,1060,train
1R69.pdb,61,1747,1122,train
1SRM.pdb,55,1614,1025,train
1TG0.pdb,64,2612,1074,train
1TUD.pdb,60,4408,1045,train
1UFM.pdb,72,3757,1353,train
1URF.pdb,71,1562,1301,train
1UZC.pdb,63,2480,1162,train
1VII.pdb,36,1016,633,train
1W4F.pdb,41,1023,655,train
1W4G.pdb,44,1751,666,train
1Y0M.pdb,58,5053,1091,train
1YP5.pdb,57,3659,698,train
1YRF.pdb,35,755,612,train
1YU5.pdb,65,3035,1201,train
1ZHC.pdb,68,2299,1054,train
1ZLM.pdb,56,3238,1028,train
2AMI.pdb,72,2788,1332,train
2B88.pdb,54,1192,1000,train
2B89.pdb,54,1193,965,train
2BTT.pdb,61,4554,942,train
2CDT.pdb,56,2406,930,train
2CJJ.pdb,54,3380,763,train
2D1U.pdb,72,2388,1212,train
2EXD.pdb,58,1682,1060,train
2GP8.pdb,40,863,723,train
2HBB.pdb,48,1843,781,train
2JN4.pdb,66,3457,1067,train
2JT1.pdb,67,1879,1264,train
2JTV.pdb,63,2991,1056,train
2JVD.pdb,39,2717,702,train
2JVG.pdb,56,1237,1025,train
2JWS.pdb,48,1060,902,train
2JWT.pdb,50,3673,931,train
2JZ2.pdb,56,2040,1025,train
2K2A.pdb,63,2875,1141,train
2K5N.pdb,67,3763,1236,train
2KCM.pdb,68,2701,1197,train
2KFV.pdb,69,1523,1237,train
2KGT.pdb,63,5787,1125,train
2KR3.pdb,65,1429,1089,train
2KRU.pdb,52,1949,890,train
2KVT.pdb,52,2750,923,train
2KZJ.pdb,50,1102,931,train
2L09.pdb,52,2350,910,train
2L2D.pdb,42,872,635,train
2L2P.pdb,55,1614,1024,train
2L6Q.pdb,55,1211,1040,train
2L7F.pdb,51,1511,895,train
2L7M.pdb,52,2347,933,train
2L9R.pdb,61,2833,1149,train
2LCL.pdb,55,1615,968,train
2LGW.pdb,65,4911,1214,train
2LHC.pdb,46,1017,629,train
2LHR.pdb,55,2413,938,train
2LJ3.pdb,59,1701,1004,train
2LO1.pdb,65,2635,1215,train
2LP5.pdb,57,1658,1072,train
2LUM.pdb,56,1637,952,train
2LVN.pdb,46,3309,720,train
2LYQ.pdb,62,1368,1175,train
2LYR.pdb,62,1369,1177,train
2M0C.pdb,48,1801,832,train
2M0Y.pdb,66,3459,1208,train
2M2J.pdb,71,3968,1346,train
2M2L.pdb,52,3547,892,train
2M6Y.pdb,59,1303,1068,train
2M8E.pdb,38,1136,636,train
2M8I.pdb,43,1404,755,train
2M8J.pdb,43,920,775,train
2M8U.pdb,67,1879,1273,train
2MA4.pdb,70,3543,1238,train
2MC5.pdb,69,2723,1121,train
2MCH.pdb,64,3361,1141,train
2MCK.pdb,61,1209,946,train
2MH8.pdb,54,1191,775,train
2MI6.pdb,55,1615,1019,train
2MKY.pdb,55,2415,1010,train
2MW9.pdb,37,926,665,train
2MWA.pdb,37,939,655,train
2MWB.pdb,37,1070,672,train
2MXD.pdb,53,6623,993,train
2MYX.pdb,52,1949,954,train
2N4R.pdb,37,944,653,train
2N88.pdb,48,1854,887,train
2O2W.pdb,67,1880,1210,train
2OCH.pdb,62,2853,1072,train
2QFF.pdb,70,1545,1212,train
2RJV.pdb,64,2212,1186,train
2RRT.pdb,67,2279,1270,train
2RRU.pdb,40,832,707,train
2WQG.pdb,41,1675,653,train
2YSB.pdb,43,1260,678,train
3CQT.pdb,57,1259,1050,train
3I35.pdb,57,4344,1045,train
3L1X.pdb,69,5413,1107,train
3MYC.pdb,63,2189,1163,train
3V1A.pdb,44,970,829,train
4G3O.pdb,47,4968,803,train
4HCK.pdb,59,2503,1034,train
4UZW.pdb,44,2520,769,train
5AHT.pdb,43,1158,555,train
5JRT.pdb,59,1702,1118,train
5KPH.pdb,69,2722,1287,train
5OAO.pdb,57,2059,985,train
5UBS.pdb,56,2036,1025,train
5UCE.pdb,56,2837,987,train
5UP5.pdb,39,1607,649,train
5UYO.pdb,41,887,751,train
5VNT.pdb,62,5135,1146,train
5Z2S.pdb,47,1283,645,train
6FVC.pdb,44,959,777,train
6IWS.pdb,65,3318,1151,train
6M3N.pdb,64,4213,1215,train
6NMW.pdb,59,2907,1014,train
6OBK.pdb,40,859,698,train
6SCW.pdb,61,2147,1047,train
6SOW.pdb,50,1103,935,train
6YSE.pdb,37,784,564,train
7BPM.pdb,69,3123,1300,train
7JJK.pdb,57,1257,1010,train
EEHEE_rd3_0019.pdb,43,1313,739,train
EEHEE_rd3_0094.pdb,43,944,790,train
EEHEE_rd3_0130.pdb,43,948,765,train
EEHEE_rd3_0146.pdb,43,940,785,train
EEHEE_rd3_0602.pdb,43,949,814,train
EEHEE_rd3_0657.pdb,43,921,748,train
EEHEE_rd3_0809.pdb,43,921,689,train
EEHEE_rd3_1049.pdb,43,945,810,train
EEHEE_rd3_1367.pdb,43,951,773,train
EEHEE_rd3_1498.pdb,43,945,801,train
EEHEE_rd3_1587.pdb,43,944,760,train
EEHEE_rd3_1615.pdb,43,946,760,train
EEHEE_rd3_1702.pdb,43,948,813,train
EEHEE_rd3_1716.pdb,43,937,756,train
EEHEE_rd3_1810.pdb,43,950,738,train
EEHEE_rd3_1818.pdb,43,928,789,train
EEHEE_rd4_0003.pdb,43,949,813,train
EEHEE_rd4_0005.pdb,43,948,782,train
EEHEE_rd4_0256.pdb,43,944,810,train
EEHEE_rd4_0308.pdb,43,949,598,train
EEHEE_rd4_0363.pdb,43,948,799,train
EEHEE_rd4_0371.pdb,43,948,813,train
EEHEE_rd4_0469.pdb,43,948,790,train
EEHEE_rd4_0470.pdb,43,949,792,train
EEHEE_rd4_0481.pdb,43,951,805,train
EEHEE_rd4_0647.pdb,43,946,808,train
EEHEE_rd4_0763.pdb,43,944,807,train
EEHEE_rd4_0784.pdb,43,949,734,train
EEHEE_rd4_0794.pdb,43,949,806,train
EHEE_rd1_0101.pdb,40,860,732,train
EHEE_rd1_0407.pdb,40,861,726,train
EHEE_rd1_0459.pdb,40,858,654,train
EHEE_rd2_0152.pdb,40,1948,696,train
EHEE_rd2_0191.pdb,40,867,643,train
EHEE_rd2_0196.pdb,40,863,735,train
EHEE_rd2_0372.pdb,40,871,730,train
EHEE_rd2_0487.pdb,40,1263,728,train
EHEE_rd2_0601.pdb,40,868,657,train
EHEE_rd2_0751.pdb,40,873,629,train
EHEE_rd2_1106.pdb,40,1227,646,train
EHEE_rd2_1257.pdb,40,860,664,train
EHEE_rd3_0035.pdb,40,863,705,train
EHEE_rd3_0053.pdb,40,870,711,train
EHEE_rd4_0044.pdb,40,865,640,train
EHEE_rd4_0086.pdb,40,858,665,train
EHEE_rd4_0098.pdb,40,866,714,train
EHEE_rd4_0172.pdb,40,874,676,train
EHEE_rd4_0195.pdb,40,873,745,train
EHEE_rd4_0325.pdb,40,851,722,train
EHEE_rd4_0394.pdb,40,867,661,train
EHEE_rd4_0463.pdb,40,873,732,train
EHEE_rd4_0502.pdb,40,861,702,train
EHEE_rd4_0625.pdb,40,862,663,train
EHEE_rd4_0726.pdb,40,871,694,train
EHEE_rd4_0840.pdb,40,877,690,train
EHEE_rd4_0864.pdb,40,870,570,train
EHEE_rd4_0877.pdb,40,861,689,train
HEEH_KT_rd6_0007.pdb,43,941,796,train
HEEH_KT_rd6_0280.pdb,43,1340,798,train
HEEH_KT_rd6_0790.pdb,43,931,794,train
HEEH_KT_rd6_0872.pdb,43,948,786,train
HEEH_KT_rd6_3546.pdb,43,945,798,train
HEEH_KT_rd6_3632.pdb,43,934,793,train
HEEH_rd3_0055.pdb,43,945,794,train
HEEH_rd3_0223.pdb,43,948,765,train
HEEH_rd4_0097.pdb,43,948,812,train
HEEH_rd4_0349.pdb,43,944,806,train
HHH_rd1_0335.pdb,43,946,810,train
HHH_rd1_0473.pdb,43,949,802,train
HHH_rd1_0493.pdb,43,2113,808,train
HHH_rd1_0516.pdb,43,932,792,train
HHH_rd1_0578.pdb,43,934,789,train
HHH_rd1_0598.pdb,43,940,782,train
HHH_rd1_0606.pdb,43,935,797,train
HHH_rd2_0155.pdb,43,923,790,train
HHH_rd2_0181.pdb,43,945,810,train
HHH_rd4_0676.pdb,43,1329,804,train
HHH_rd4_0816.pdb,43,936,732,train
HHH_rd4_0870.pdb,43,944,805,train
r10_437_TrROS_Hall.pdb,47,1034,876,train
r10_490_TrROS_Hall.pdb,47,1037,883,train
r11_233_TrROS_Hall.pdb,49,1083,926,train
r11_797_TrROS_Hall.pdb,49,1082,926,train
r11_829_TrROS_Hall.pdb,49,1080,923,train
r11_951_TrROS_Hall.pdb,49,1079,921,train
r16_88_TrROS_Hall.pdb,63,1391,1185,train
r4_412_TrROS_Hall.pdb,46,1014,865,train
r4_43_TrROS_Hall.pdb,46,1012,861,train
r6_560_TrROS_Hall.pdb,56,1235,1050,train
r6_831_TrROS_Hall.pdb,56,1234,1054,train
r7_587_TrROS_Hall.pdb,48,1059,892,train
v2K43S_2KVV.pdb,61,1347,1002,train
v2_2HDZ.pdb,50,1082,886,train
v2_2LXE.pdb,53,1169,997,train
v2_2M5A.pdb,56,1232,1044,train
v2_4UZX.pdb,58,1281,1094,train
v2_6IVS.pdb,48,1060,904,train
1I6C.pdb,39,1048,686,val
1V1C.pdb,65,3835,1209,val
1WCL.pdb,69,2323,1306,val
1WR4.pdb,36,1118,448,val
2K5P.pdb,64,2212,1209,val
2K9D.pdb,44,1365,823,val
2KCF.pdb,36,913,633,val
2LC2.pdb,64,1813,1204,val
2M9E.pdb,32,599,475,val
2M9F.pdb,33,804,592,val
2M9I.pdb,34,717,605,val
2OP7.pdb,39,1477,684,val
2RU9.pdb,68,1807,1124,val
2WNM.pdb,56,1235,1047,val
2YSF.pdb,34,1882,534,val
3ZGK.pdb,69,4324,1301,val
5LXJ.pdb,47,1026,851,val
6ACV.pdb,66,2644,1152,val
HEEH_KT_rd6_1415.pdb,43,950,814,val
HEEH_rd4_0094.pdb,43,948,801,val
HHH_rd1_0949.pdb,43,1329,785,val
HHH_rd4_0124.pdb,43,942,803,val
HHH_rd4_0395.pdb,43,1345,774,val
HHH_rd4_0557.pdb,43,936,796,val
HHH_rd4_0613.pdb,43,945,770,val
r10_572_TrROS_Hall.pdb,47,1032,883,val
r11_569_TrROS_Hall.pdb,49,1082,914,val
r15_550_TrROS_Hall.pdb,60,1323,1123,val
r3_162_TrROS_Hall.pdb,51,1124,957,val
v2_2LC2.pdb,56,1236,1060,val
v2_2LDM.pdb,51,1127,965,val
