WT_name,MAE,mutations,model,seed
1I6C.pdb,0.3952087455739698,686,ThermoMPNN,
1V1C.pdb,0.5215298266861303,1209,ThermoMPNN,
1WCL.pdb,0.4005641986435503,1306,ThermoMPNN,
1WR4.pdb,0.48049708852074297,448,ThermoMPNN,
2K5P.pdb,0.4349046772669462,1209,ThermoMPNN,
2K9D.pdb,0.34506573759723563,823,ThermoMPNN,
2KCF.pdb,0.38370602449199676,633,ThermoMPNN,
2LC2.pdb,0.3617149257819777,1204,ThermoMPNN,
2M9E.pdb,0.48323813451046316,475,ThermoMPNN,
2M9F.pdb,0.37165889227693916,592,ThermoMPNN,
2M9I.pdb,0.7803270212584565,605,ThermoMPNN,
2OP7.pdb,0.4357570041259126,684,ThermoMPNN,
2RU9.pdb,0.46770753924191183,1124,ThermoMPNN,
2WNM.pdb,0.34927020420259636,1047,ThermoMPNN,
2YSF.pdb,0.3663057314827058,534,ThermoMPNN,
3ZGK.pdb,0.4028951876671313,1301,ThermoMPNN,
5LXJ.pdb,0.3421595321073414,851,ThermoMPNN,
6ACV.pdb,0.4854786636489579,1152,ThermoMPNN,
HEEH_KT_rd6_1415.pdb,0.3980355134647221,814,ThermoMPNN,
HEEH_rd4_0094.pdb,0.3843347954457116,801,ThermoMPNN,
HHH_rd1_0949.pdb,0.3119676206499002,785,ThermoMPNN,
HHH_rd4_0124.pdb,0.39190345012580335,803,ThermoMPNN,
HHH_rd4_0395.pdb,0.535912041481238,774,ThermoMPNN,
HHH_rd4_0557.pdb,0.47580140239472535,796,ThermoMPNN,
HHH_rd4_0613.pdb,0.3749683710307034,770,ThermoMPNN,
r10_572_TrROS_Hall.pdb,0.3095785115722028,883,ThermoMPNN,
r11_569_TrROS_Hall.pdb,0.30858964534326644,914,ThermoMPNN,
r15_550_TrROS_Hall.pdb,0.44827853281682034,1123,ThermoMPNN,
r3_162_TrROS_Hall.pdb,0.5878354435356227,957,ThermoMPNN,
v2_2LC2.pdb,0.4434475072399876,1060,ThermoMPNN,
v2_2LDM.pdb,0.5674258523868315,965,ThermoMPNN,
1I6C.pdb,0.30699429187846417,686,mlp,42
1V1C.pdb,0.5378026219319124,1209,mlp,42
1WCL.pdb,0.4227956245778634,1306,mlp,42
1WR4.pdb,0.43098508827344145,448,mlp,42
2K5P.pdb,0.42447326095560184,1209,mlp,42
2K9D.pdb,0.35609735685354643,823,mlp,42
2KCF.pdb,0.3332965760387785,633,mlp,42
2LC2.pdb,0.42338863349958705,1204,mlp,42
2M9E.pdb,0.40539635738335944,475,mlp,42
2M9F.pdb,0.342304509961423,592,mlp,42
2M9I.pdb,0.5663171811147041,605,mlp,42
2OP7.pdb,0.4722930052500969,684,mlp,42
2RU9.pdb,0.42966044343683296,1124,mlp,42
2WNM.pdb,0.36721926152315737,1047,mlp,42
2YSF.pdb,0.35820969259454316,534,mlp,42
3ZGK.pdb,0.43404643444129043,1301,mlp,42
5LXJ.pdb,0.36724181100673525,851,mlp,42
6ACV.pdb,0.5456362585482868,1152,mlp,42
HEEH_KT_rd6_1415.pdb,0.3480155235750864,814,mlp,42
HEEH_rd4_0094.pdb,0.3967931735081493,801,mlp,42
HHH_rd1_0949.pdb,0.3394667007600265,785,mlp,42
HHH_rd4_0124.pdb,0.341169134123643,803,mlp,42
HHH_rd4_0395.pdb,0.5266542641121614,774,mlp,42
HHH_rd4_0557.pdb,0.4205161214116883,796,mlp,42
HHH_rd4_0613.pdb,0.41154695581281486,770,mlp,42
r10_572_TrROS_Hall.pdb,0.2964527242886062,883,mlp,42
r11_569_TrROS_Hall.pdb,0.3180062292675483,914,mlp,42
r15_550_TrROS_Hall.pdb,0.39564649359973636,1123,mlp,42
r3_162_TrROS_Hall.pdb,0.4968202965464621,957,mlp,42
v2_2LC2.pdb,0.43618118859450794,1060,mlp,42
v2_2LDM.pdb,0.4455385606196663,965,mlp,42
1I6C.pdb,0.308444581821817,686,mlp,43
1V1C.pdb,0.5223164552788658,1209,mlp,43
1WCL.pdb,0.42477759631643547,1306,mlp,43
1WR4.pdb,0.396671432869042,448,mlp,43
2K5P.pdb,0.41320564296927004,1209,mlp,43
2K9D.pdb,0.36999843779771413,823,mlp,43
2KCF.pdb,0.3346380050158956,633,mlp,43
2LC2.pdb,0.4469798529793388,1204,mlp,43
2M9E.pdb,0.40755100120204524,475,mlp,43
2M9F.pdb,0.39782778117857115,592,mlp,43
2M9I.pdb,0.5104826520053076,605,mlp,43
2OP7.pdb,0.4928064527644434,684,mlp,43
2RU9.pdb,0.40949030567478334,1124,mlp,43
2WNM.pdb,0.37125782267796265,1047,mlp,43
2YSF.pdb,0.35683169512845253,534,mlp,43
3ZGK.pdb,0.4600072141985544,1301,mlp,43
5LXJ.pdb,0.34887360515604665,851,mlp,43
6ACV.pdb,0.5674036323548617,1152,mlp,43
HEEH_KT_rd6_1415.pdb,0.39591327206721577,814,mlp,43
HEEH_rd4_0094.pdb,0.4027212499900244,801,mlp,43
HHH_rd1_0949.pdb,0.33434978094711865,785,mlp,43
HHH_rd4_0124.pdb,0.31888779164378306,803,mlp,43
HHH_rd4_0395.pdb,0.5435847489618625,774,mlp,43
HHH_rd4_0557.pdb,0.44510358017175833,796,mlp,43
HHH_rd4_0613.pdb,0.38573225512019815,770,mlp,43
r10_572_TrROS_Hall.pdb,0.2871929334082917,883,mlp,43
r11_569_TrROS_Hall.pdb,0.32333320322682596,914,mlp,43
r15_550_TrROS_Hall.pdb,0.46044380336040747,1123,mlp,43
r3_162_TrROS_Hall.pdb,0.564068470073053,957,mlp,43
v2_2LC2.pdb,0.44439662222568255,1060,mlp,43
v2_2LDM.pdb,0.3886120716138697,965,mlp,43
1I6C.pdb,0.32399334706427224,686,mlp,44
1V1C.pdb,0.5387926800414157,1209,mlp,44
1WCL.pdb,0.42899345262636035,1306,mlp,44
1WR4.pdb,0.4386159036131253,448,mlp,44
2K5P.pdb,0.39532015535343934,1209,mlp,44
2K9D.pdb,0.3806579966880195,823,mlp,44
2KCF.pdb,0.3482577648270212,633,mlp,44
2LC2.pdb,0.442374533395946,1204,mlp,44
2M9E.pdb,0.4153251575453006,475,mlp,44
2M9F.pdb,0.37753637490781955,592,mlp,44
2M9I.pdb,0.538266305908303,605,mlp,44
2OP7.pdb,0.45093039709558985,684,mlp,44
2RU9.pdb,0.4350705852051315,1124,mlp,44
2WNM.pdb,0.3715181509920618,1047,mlp,44
2YSF.pdb,0.3569776699312356,534,mlp,44
3ZGK.pdb,0.44790353651213716,1301,mlp,44
5LXJ.pdb,0.3642214921999523,851,mlp,44
6ACV.pdb,0.5464527324328139,1152,mlp,44
HEEH_KT_rd6_1415.pdb,0.37270662221545875,814,mlp,44
HEEH_rd4_0094.pdb,0.4063079144603925,801,mlp,44
HHH_rd1_0949.pdb,0.34089303819272426,785,mlp,44
HHH_rd4_0124.pdb,0.3055313963619467,803,mlp,44
HHH_rd4_0395.pdb,0.5328904883124876,774,mlp,44
HHH_rd4_0557.pdb,0.42470193740703943,796,mlp,44
HHH_rd4_0613.pdb,0.3985478274078404,770,mlp,44
r10_572_TrROS_Hall.pdb,0.30177731236433597,883,mlp,44
r11_569_TrROS_Hall.pdb,0.32548769545727496,914,mlp,44
r15_550_TrROS_Hall.pdb,0.41664200037202614,1123,mlp,44
r3_162_TrROS_Hall.pdb,0.5162278023963904,957,mlp,44
v2_2LC2.pdb,0.4355398201950597,1060,mlp,44
v2_2LDM.pdb,0.41178514327406873,965,mlp,44
1I6C.pdb,0.3073856490943706,686,mlp,45
1V1C.pdb,0.5226312283909662,1209,mlp,45
1WCL.pdb,0.4469441509719652,1306,mlp,45
1WR4.pdb,0.4139095155308351,448,mlp,45
2K5P.pdb,0.4157994486077914,1209,mlp,45
2K9D.pdb,0.3625347194810397,823,mlp,45
2KCF.pdb,0.3462381266017827,633,mlp,45
2LC2.pdb,0.4572558540753197,1204,mlp,45
2M9E.pdb,0.4124942815422291,475,mlp,45
2M9F.pdb,0.37948746897451613,592,mlp,45
2M9I.pdb,0.49406665034639086,605,mlp,45
2OP7.pdb,0.4849564979061072,684,mlp,45
2RU9.pdb,0.4279421358924661,1124,mlp,45
2WNM.pdb,0.3680239882658749,1047,mlp,45
2YSF.pdb,0.35875821956902965,534,mlp,45
3ZGK.pdb,0.478898290731447,1301,mlp,45
5LXJ.pdb,0.3746715971818161,851,mlp,45
6ACV.pdb,0.5501125838699866,1152,mlp,45
HEEH_KT_rd6_1415.pdb,0.3292568235025142,814,mlp,45
HEEH_rd4_0094.pdb,0.41070463668628254,801,mlp,45
HHH_rd1_0949.pdb,0.34827824541046126,785,mlp,45
HHH_rd4_0124.pdb,0.30136604704580733,803,mlp,45
HHH_rd4_0395.pdb,0.534771098061821,774,mlp,45
HHH_rd4_0557.pdb,0.39370517792828,796,mlp,45
HHH_rd4_0613.pdb,0.41941107639775904,770,mlp,45
r10_572_TrROS_Hall.pdb,0.30842583663362616,883,mlp,45
r11_569_TrROS_Hall.pdb,0.30190520716376434,914,mlp,45
r15_550_TrROS_Hall.pdb,0.38096718562192494,1123,mlp,45
r3_162_TrROS_Hall.pdb,0.45784199924292684,957,mlp,45
v2_2LC2.pdb,0.46629924165775244,1060,mlp,45
v2_2LDM.pdb,0.40540839324721767,965,mlp,45
1I6C.pdb,0.30610768304633623,686,mlp,46
1V1C.pdb,0.5005360359542792,1209,mlp,46
1WCL.pdb,0.4513289125125442,1306,mlp,46
1WR4.pdb,0.42512974698094813,448,mlp,46
2K5P.pdb,0.44138984307527446,1209,mlp,46
2K9D.pdb,0.377761087274019,823,mlp,46
2KCF.pdb,0.3448319890577106,633,mlp,46
2LC2.pdb,0.4221089130358124,1204,mlp,46
2M9E.pdb,0.43223370332361066,475,mlp,46
2M9F.pdb,0.3864045457518494,592,mlp,46
2M9I.pdb,0.5191301455351577,605,mlp,46
2OP7.pdb,0.5113149212803706,684,mlp,46
2RU9.pdb,0.4162605012151864,1124,mlp,46
2WNM.pdb,0.38820025434301997,1047,mlp,46
2YSF.pdb,0.37562850207791676,534,mlp,46
3ZGK.pdb,0.43968253194547285,1301,mlp,46
5LXJ.pdb,0.386189629616399,851,mlp,46
6ACV.pdb,0.5208621843117328,1152,mlp,46
HEEH_KT_rd6_1415.pdb,0.3292909126750108,814,mlp,46
HEEH_rd4_0094.pdb,0.4096803328094302,801,mlp,46
HHH_rd1_0949.pdb,0.37498119865868335,785,mlp,46
HHH_rd4_0124.pdb,0.33033838626649625,803,mlp,46
HHH_rd4_0395.pdb,0.5388268310085816,774,mlp,46
HHH_rd4_0557.pdb,0.40065171273920874,796,mlp,46
HHH_rd4_0613.pdb,0.41430854080175916,770,mlp,46
r10_572_TrROS_Hall.pdb,0.29781289194140426,883,mlp,46
r11_569_TrROS_Hall.pdb,0.32806780249296247,914,mlp,46
r15_550_TrROS_Hall.pdb,0.3875360397599138,1123,mlp,46
r3_162_TrROS_Hall.pdb,0.46720363675318893,957,mlp,46
v2_2LC2.pdb,0.45240375018041706,1060,mlp,46
v2_2LDM.pdb,0.4378847575900963,965,mlp,46
1I6C.pdb,0.3070303339104868,686,mlp,47
1V1C.pdb,0.5225847136329226,1209,mlp,47
1WCL.pdb,0.43815871858553124,1306,mlp,47
1WR4.pdb,0.40160208333261427,448,mlp,47
2K5P.pdb,0.4134243844626282,1209,mlp,47
2K9D.pdb,0.37624916741643843,823,mlp,47
2KCF.pdb,0.3302061455720619,633,mlp,47
2LC2.pdb,0.43190059111955476,1204,mlp,47
2M9E.pdb,0.411630311657615,475,mlp,47
2M9F.pdb,0.36083852640429376,592,mlp,47
2M9I.pdb,0.5421285192928078,605,mlp,47
2OP7.pdb,0.49026304103669766,684,mlp,47
2RU9.pdb,0.4159189011991116,1124,mlp,47
2WNM.pdb,0.36896391075405166,1047,mlp,47
2YSF.pdb,0.3607882233920579,534,mlp,47
3ZGK.pdb,0.43640756869321035,1301,mlp,47
5LXJ.pdb,0.38052761665406065,851,mlp,47
6ACV.pdb,0.5631484503085571,1152,mlp,47
HEEH_KT_rd6_1415.pdb,0.3506006426514223,814,mlp,47
HEEH_rd4_0094.pdb,0.418216099941585,801,mlp,47
HHH_rd1_0949.pdb,0.3613088241667478,785,mlp,47
HHH_rd4_0124.pdb,0.3066272654522668,803,mlp,47
HHH_rd4_0395.pdb,0.5539193624200976,774,mlp,47
HHH_rd4_0557.pdb,0.412409037310851,796,mlp,47
HHH_rd4_0613.pdb,0.420724244887483,770,mlp,47
r10_572_TrROS_Hall.pdb,0.2948824352528934,883,mlp,47
r11_569_TrROS_Hall.pdb,0.3146507279755676,914,mlp,47
r15_550_TrROS_Hall.pdb,0.3982886664809953,1123,mlp,47
r3_162_TrROS_Hall.pdb,0.4717904910476258,957,mlp,47
v2_2LC2.pdb,0.44457541538358064,1060,mlp,47
v2_2LDM.pdb,0.41516424403740776,965,mlp,47
1I6C.pdb,0.31526323999781886,686,mlp,48
1V1C.pdb,0.518063272998846,1209,mlp,48
1WCL.pdb,0.41275662288143367,1306,mlp,48
1WR4.pdb,0.4288785741169057,448,mlp,48
2K5P.pdb,0.40228598251865644,1209,mlp,48
2K9D.pdb,0.3637883408001837,823,mlp,48
2KCF.pdb,0.3427297583644315,633,mlp,48
2LC2.pdb,0.4482968841612667,1204,mlp,48
2M9E.pdb,0.42141106617374985,475,mlp,48
2M9F.pdb,0.37744004044191853,592,mlp,48
2M9I.pdb,0.5624830797837964,605,mlp,48
2OP7.pdb,0.4842234766985132,684,mlp,48
2RU9.pdb,0.43746826556590546,1124,mlp,48
2WNM.pdb,0.3527015049009702,1047,mlp,48
2YSF.pdb,0.3435750748242152,534,mlp,48
3ZGK.pdb,0.45933605571894853,1301,mlp,48
5LXJ.pdb,0.35292403443101156,851,mlp,48
6ACV.pdb,0.5441258561288141,1152,mlp,48
HEEH_KT_rd6_1415.pdb,0.3539677455098723,814,mlp,48
HEEH_rd4_0094.pdb,0.3941821889872937,801,mlp,48
HHH_rd1_0949.pdb,0.3300270285662959,785,mlp,48
HHH_rd4_0124.pdb,0.31999197604645,803,mlp,48
HHH_rd4_0395.pdb,0.5282076505309999,774,mlp,48
HHH_rd4_0557.pdb,0.4215058853029474,796,mlp,48
HHH_rd4_0613.pdb,0.4074172281791557,770,mlp,48
r10_572_TrROS_Hall.pdb,0.3049893493196233,883,mlp,48
r11_569_TrROS_Hall.pdb,0.3120754491057672,914,mlp,48
r15_550_TrROS_Hall.pdb,0.4162424763473795,1123,mlp,48
r3_162_TrROS_Hall.pdb,0.5223247956309347,957,mlp,48
v2_2LC2.pdb,0.4516572961854245,1060,mlp,48
v2_2LDM.pdb,0.45228400519677114,965,mlp,48
1I6C.pdb,0.31609887688410376,686,mlp,49
1V1C.pdb,0.50905647476598,1209,mlp,49
1WCL.pdb,0.4243800993313033,1306,mlp,49
1WR4.pdb,0.43730818237558056,448,mlp,49
2K5P.pdb,0.4246946790733033,1209,mlp,49
2K9D.pdb,0.34923527374619096,823,mlp,49
2KCF.pdb,0.3506804590358115,633,mlp,49
2LC2.pdb,0.4276159518930778,1204,mlp,49
2M9E.pdb,0.43454668059758816,475,mlp,49
2M9F.pdb,0.39507911926201855,592,mlp,49
2M9I.pdb,0.5289898703772008,605,mlp,49
2OP7.pdb,0.48475894263576064,684,mlp,49
2RU9.pdb,0.41646715933645856,1124,mlp,49
2WNM.pdb,0.36794423682022936,1047,mlp,49
2YSF.pdb,0.3554777054116493,534,mlp,49
3ZGK.pdb,0.45200301090951117,1301,mlp,49
5LXJ.pdb,0.36493891535759504,851,mlp,49
6ACV.pdb,0.5420389427498193,1152,mlp,49
HEEH_KT_rd6_1415.pdb,0.33848954598625236,814,mlp,49
HEEH_rd4_0094.pdb,0.3928441597261548,801,mlp,49
HHH_rd1_0949.pdb,0.34966861259952675,785,mlp,49
HHH_rd4_0124.pdb,0.3348456442874159,803,mlp,49
HHH_rd4_0395.pdb,0.5317704737665531,774,mlp,49
HHH_rd4_0557.pdb,0.41898233165985543,796,mlp,49
HHH_rd4_0613.pdb,0.42439987435930426,770,mlp,49
r10_572_TrROS_Hall.pdb,0.3019916314205533,883,mlp,49
r11_569_TrROS_Hall.pdb,0.32045821404421965,914,mlp,49
r15_550_TrROS_Hall.pdb,0.3970391542505844,1123,mlp,49
r3_162_TrROS_Hall.pdb,0.5015846094564115,957,mlp,49
v2_2LC2.pdb,0.448628832495226,1060,mlp,49
v2_2LDM.pdb,0.4602525128094895,965,mlp,49
1I6C.pdb,0.2983074678567586,686,mlp,50
1V1C.pdb,0.528333447266208,1209,mlp,50
1WCL.pdb,0.4408999059681439,1306,mlp,50
1WR4.pdb,0.41772723580456567,448,mlp,50
2K5P.pdb,0.418916140253038,1209,mlp,50
2K9D.pdb,0.3675244954266243,823,mlp,50
2KCF.pdb,0.3236929262957781,633,mlp,50
2LC2.pdb,0.4236768945197255,1204,mlp,50
2M9E.pdb,0.4082146009376266,475,mlp,50
2M9F.pdb,0.3570391971355997,592,mlp,50
2M9I.pdb,0.54049194021359,605,mlp,50
2OP7.pdb,0.4859039997445686,684,mlp,50
2RU9.pdb,0.4190006765274049,1124,mlp,50
2WNM.pdb,0.37201125965529813,1047,mlp,50
2YSF.pdb,0.36238414483846676,534,mlp,50
3ZGK.pdb,0.4360131936911816,1301,mlp,50
5LXJ.pdb,0.386198333130333,851,mlp,50
6ACV.pdb,0.5574657278038699,1152,mlp,50
HEEH_KT_rd6_1415.pdb,0.3587777795831195,814,mlp,50
HEEH_rd4_0094.pdb,0.3928002673721939,801,mlp,50
HHH_rd1_0949.pdb,0.3506076345052713,785,mlp,50
HHH_rd4_0124.pdb,0.3217282225695118,803,mlp,50
HHH_rd4_0395.pdb,0.5568591374059849,774,mlp,50
HHH_rd4_0557.pdb,0.44178579250534306,796,mlp,50
HHH_rd4_0613.pdb,0.41566003306383337,770,mlp,50
r10_572_TrROS_Hall.pdb,0.3035653013022622,883,mlp,50
r11_569_TrROS_Hall.pdb,0.30896519945244855,914,mlp,50
r15_550_TrROS_Hall.pdb,0.4032003237249391,1123,mlp,50
r3_162_TrROS_Hall.pdb,0.503420184405854,957,mlp,50
v2_2LC2.pdb,0.4397195889082699,1060,mlp,50
v2_2LDM.pdb,0.4249404771228438,965,mlp,50
1I6C.pdb,0.3129956439925301,686,mlp,51
1V1C.pdb,0.5144209344385451,1209,mlp,51
1WCL.pdb,0.4261642303319601,1306,mlp,51
1WR4.pdb,0.43759203582273304,448,mlp,51
2K5P.pdb,0.39884741243471056,1209,mlp,51
2K9D.pdb,0.36695704143107916,823,mlp,51
2KCF.pdb,0.3408771661942367,633,mlp,51
2LC2.pdb,0.4273045697280449,1204,mlp,51
2M9E.pdb,0.4024443464554146,475,mlp,51
2M9F.pdb,0.35618392200726806,592,mlp,51
2M9I.pdb,0.5574332482012935,605,mlp,51
2OP7.pdb,0.46182758623362224,684,mlp,51
2RU9.pdb,0.42384060520778843,1124,mlp,51
2WNM.pdb,0.3800233305828731,1047,mlp,51
2YSF.pdb,0.33150058010235406,534,mlp,51
3ZGK.pdb,0.44340526202836567,1301,mlp,51
5LXJ.pdb,0.3720902695592378,851,mlp,51
6ACV.pdb,0.5413946873747649,1152,mlp,51
HEEH_KT_rd6_1415.pdb,0.36038468708122023,814,mlp,51
HEEH_rd4_0094.pdb,0.41739224127215774,801,mlp,51
HHH_rd1_0949.pdb,0.3503038774210075,785,mlp,51
HHH_rd4_0124.pdb,0.30077338337347015,803,mlp,51
HHH_rd4_0395.pdb,0.5292845114700002,774,mlp,51
HHH_rd4_0557.pdb,0.40242987007873154,796,mlp,51
HHH_rd4_0613.pdb,0.4120661593991083,770,mlp,51
r10_572_TrROS_Hall.pdb,0.30638215885689446,883,mlp,51
r11_569_TrROS_Hall.pdb,0.34345978871092686,914,mlp,51
r15_550_TrROS_Hall.pdb,0.386703018571138,1123,mlp,51
r3_162_TrROS_Hall.pdb,0.5145881909579441,957,mlp,51
v2_2LC2.pdb,0.430897039954914,1060,mlp,51
v2_2LDM.pdb,0.3838536858483571,965,mlp,51
1I6C.pdb,0.29108697882689577,686,self,42
1V1C.pdb,0.5020261453693307,1209,self,42
1WCL.pdb,0.4362098629042988,1306,self,42
1WR4.pdb,0.4137370556760505,448,self,42
2K5P.pdb,0.4238461425339186,1209,self,42
2K9D.pdb,0.37715355997057853,823,self,42
2KCF.pdb,0.3224132449843699,633,self,42
2LC2.pdb,0.43762847489082296,1204,self,42
2M9E.pdb,0.41518859836246597,475,self,42
2M9F.pdb,0.37876114544415684,592,self,42
2M9I.pdb,0.49540276022774693,605,self,42
2OP7.pdb,0.5205053395130552,684,self,42
2RU9.pdb,0.4115002934643496,1124,self,42
2WNM.pdb,0.3839234542936695,1047,self,42
2YSF.pdb,0.3593523185161165,534,self,42
3ZGK.pdb,0.4609295821047078,1301,self,42
5LXJ.pdb,0.37163953415458617,851,self,42
6ACV.pdb,0.5374774545236272,1152,self,42
HEEH_KT_rd6_1415.pdb,0.31058240769154427,814,self,42
HEEH_rd4_0094.pdb,0.38834954398997185,801,self,42
HHH_rd1_0949.pdb,0.3501024859651814,785,self,42
HHH_rd4_0124.pdb,0.2849045564854521,803,self,42
HHH_rd4_0395.pdb,0.5360564273104064,774,self,42
HHH_rd4_0557.pdb,0.39967963996394695,796,self,42
HHH_rd4_0613.pdb,0.40641750135508004,770,self,42
r10_572_TrROS_Hall.pdb,0.29553837551716144,883,self,42
r11_569_TrROS_Hall.pdb,0.2906137274531509,914,self,42
r15_550_TrROS_Hall.pdb,0.3742992180670467,1123,self,42
r3_162_TrROS_Hall.pdb,0.44941068654858585,957,self,42
v2_2LC2.pdb,0.4524103480594301,1060,self,42
v2_2LDM.pdb,0.37662748111730593,965,self,42
1I6C.pdb,0.301401396381389,686,self,43
1V1C.pdb,0.4840432775733156,1209,self,43
1WCL.pdb,0.415267872885759,1306,self,43
1WR4.pdb,0.41019271240655863,448,self,43
2K5P.pdb,0.42122761587599394,1209,self,43
2K9D.pdb,0.365692288606563,823,self,43
2KCF.pdb,0.33644897234301396,633,self,43
2LC2.pdb,0.41359671632288453,1204,self,43
2M9E.pdb,0.4058119285867176,475,self,43
2M9F.pdb,0.3665880147070846,592,self,43
2M9I.pdb,0.5374012069632484,605,self,43
2OP7.pdb,0.4897231697232899,684,self,43
2RU9.pdb,0.4176230280242959,1124,self,43
2WNM.pdb,0.3617613163878971,1047,self,43
2YSF.pdb,0.33723669460196354,534,self,43
3ZGK.pdb,0.40587617847630125,1301,self,43
5LXJ.pdb,0.35507871470748087,851,self,43
6ACV.pdb,0.5186399642037741,1152,self,43
HEEH_KT_rd6_1415.pdb,0.3821955701907088,814,self,43
HEEH_rd4_0094.pdb,0.38362468370554337,801,self,43
HHH_rd1_0949.pdb,0.3273585043523771,785,self,43
HHH_rd4_0124.pdb,0.33871784479315087,803,self,43
HHH_rd4_0395.pdb,0.5363779381482554,774,self,43
HHH_rd4_0557.pdb,0.4215791066646156,796,self,43
HHH_rd4_0613.pdb,0.3971362027572623,770,self,43
r10_572_TrROS_Hall.pdb,0.2870211929932161,883,self,43
r11_569_TrROS_Hall.pdb,0.2937857674966024,914,self,43
r15_550_TrROS_Hall.pdb,0.42319099614890027,1123,self,43
r3_162_TrROS_Hall.pdb,0.5344916442194257,957,self,43
v2_2LC2.pdb,0.4276238016331864,1060,self,43
v2_2LDM.pdb,0.4385451502208436,965,self,43
1I6C.pdb,0.3141063535456691,686,self,44
1V1C.pdb,0.49448533145851653,1209,self,44
1WCL.pdb,0.4335682151084755,1306,self,44
1WR4.pdb,0.4608514597165398,448,self,44
2K5P.pdb,0.41977504061467436,1209,self,44
2K9D.pdb,0.3675009803981582,823,self,44
2KCF.pdb,0.3526165490564507,633,self,44
2LC2.pdb,0.41690194136146874,1204,self,44
2M9E.pdb,0.4425630305104818,475,self,44
2M9F.pdb,0.3704479949114888,592,self,44
2M9I.pdb,0.5821564618533116,605,self,44
2OP7.pdb,0.4618258423020834,684,self,44
2RU9.pdb,0.44006132941803355,1124,self,44
2WNM.pdb,0.3628853535042638,1047,self,44
2YSF.pdb,0.36591264666657536,534,self,44
3ZGK.pdb,0.4301932227477616,1301,self,44
5LXJ.pdb,0.3695937875244015,851,self,44
6ACV.pdb,0.4990936203142557,1152,self,44
HEEH_KT_rd6_1415.pdb,0.36029795550889065,814,self,44
HEEH_rd4_0094.pdb,0.38713532298609443,801,self,44
HHH_rd1_0949.pdb,0.34572843340437537,785,self,44
HHH_rd4_0124.pdb,0.327735132979444,803,self,44
HHH_rd4_0395.pdb,0.5185072495610197,774,self,44
HHH_rd4_0557.pdb,0.4085952781486227,796,self,44
HHH_rd4_0613.pdb,0.3786983857939479,770,self,44
r10_572_TrROS_Hall.pdb,0.3053483453756903,883,self,44
r11_569_TrROS_Hall.pdb,0.2923080810284193,914,self,44
r15_550_TrROS_Hall.pdb,0.39131906641082753,1123,self,44
r3_162_TrROS_Hall.pdb,0.47891542860417974,957,self,44
v2_2LC2.pdb,0.4305213616685728,1060,self,44
v2_2LDM.pdb,0.4743163471261723,965,self,44
1I6C.pdb,0.28626563618342626,686,self,45
1V1C.pdb,0.5186349590546412,1209,self,45
1WCL.pdb,0.43627464466519916,1306,self,45
1WR4.pdb,0.4180740872095657,448,self,45
2K5P.pdb,0.44721189943257894,1209,self,45
2K9D.pdb,0.4004454881931572,823,self,45
2KCF.pdb,0.3328896563940991,633,self,45
2LC2.pdb,0.45337544370702654,1204,self,45
2M9E.pdb,0.4151618817785542,475,self,45
2M9F.pdb,0.3883241989119244,592,self,45
2M9I.pdb,0.49747028783876757,605,self,45
2OP7.pdb,0.5049117604972527,684,self,45
2RU9.pdb,0.4187536483649838,1124,self,45
2WNM.pdb,0.3823865133873914,1047,self,45
2YSF.pdb,0.3644878338812572,534,self,45
3ZGK.pdb,0.45810403850599773,1301,self,45
5LXJ.pdb,0.38488424362871265,851,self,45
6ACV.pdb,0.5588272232835079,1152,self,45
HEEH_KT_rd6_1415.pdb,0.2950615007406784,814,self,45
HEEH_rd4_0094.pdb,0.41287980011182346,801,self,45
HHH_rd1_0949.pdb,0.36906899618297556,785,self,45
HHH_rd4_0124.pdb,0.26413028055164556,803,self,45
HHH_rd4_0395.pdb,0.5434764819334788,774,self,45
HHH_rd4_0557.pdb,0.383985301055102,796,self,45
HHH_rd4_0613.pdb,0.4242724589291921,770,self,45
r10_572_TrROS_Hall.pdb,0.2974252820143592,883,self,45
r11_569_TrROS_Hall.pdb,0.29962530828250283,914,self,45
r15_550_TrROS_Hall.pdb,0.3582676715390923,1123,self,45
r3_162_TrROS_Hall.pdb,0.4142107925386363,957,self,45
v2_2LC2.pdb,0.4635063165233859,1060,self,45
v2_2LDM.pdb,0.37034741116765907,965,self,45
1I6C.pdb,0.3203401734767251,686,self,46
1V1C.pdb,0.4944866722239311,1209,self,46
1WCL.pdb,0.40213195374844346,1306,self,46
1WR4.pdb,0.43824225662072297,448,self,46
2K5P.pdb,0.41444675580465795,1209,self,46
2K9D.pdb,0.38550333161363326,823,self,46
2KCF.pdb,0.3469572016729139,633,self,46
2LC2.pdb,0.405357872305801,1204,self,46
2M9E.pdb,0.4255773219119009,475,self,46
2M9F.pdb,0.36892337425903265,592,self,46
2M9I.pdb,0.5997742610294301,605,self,46
2OP7.pdb,0.4745120456060545,684,self,46
2RU9.pdb,0.4327699049556783,1124,self,46
2WNM.pdb,0.36952133978842466,1047,self,46
2YSF.pdb,0.34625041901717835,534,self,46
3ZGK.pdb,0.40424052181768966,1301,self,46
5LXJ.pdb,0.35881593243979726,851,self,46
6ACV.pdb,0.5051632228988622,1152,self,46
HEEH_KT_rd6_1415.pdb,0.34419171613538135,814,self,46
HEEH_rd4_0094.pdb,0.3805440053638299,801,self,46
HHH_rd1_0949.pdb,0.3264107644983916,785,self,46
HHH_rd4_0124.pdb,0.31923301835103923,803,self,46
HHH_rd4_0395.pdb,0.5225437759543345,774,self,46
HHH_rd4_0557.pdb,0.4221382923172981,796,self,46
HHH_rd4_0613.pdb,0.38499227359387234,770,self,46
r10_572_TrROS_Hall.pdb,0.27937389088740294,883,self,46
r11_569_TrROS_Hall.pdb,0.29730109684442435,914,self,46
r15_550_TrROS_Hall.pdb,0.41125641055113377,1123,self,46
r3_162_TrROS_Hall.pdb,0.49941088477149126,957,self,46
v2_2LC2.pdb,0.4244121521119372,1060,self,46
v2_2LDM.pdb,0.4554828588237148,965,self,46
1I6C.pdb,0.28897336343551044,686,self,47
1V1C.pdb,0.4964360937231782,1209,self,47
1WCL.pdb,0.43810728775585184,1306,self,47
1WR4.pdb,0.41283691518385146,448,self,47
2K5P.pdb,0.4436619478118506,1209,self,47
2K9D.pdb,0.38730195958275093,823,self,47
2KCF.pdb,0.33480040218524076,633,self,47
2LC2.pdb,0.4278047148027869,1204,self,47
2M9E.pdb,0.39938079512545094,475,self,47
2M9F.pdb,0.3846157957556571,592,self,47
2M9I.pdb,0.4865453483310558,605,self,47
2OP7.pdb,0.4977451441248181,684,self,47
2RU9.pdb,0.4018697669570636,1124,self,47
2WNM.pdb,0.3695559257162447,1047,self,47
2YSF.pdb,0.3631592673379478,534,self,47
3ZGK.pdb,0.4418232260740253,1301,self,47
5LXJ.pdb,0.3843358927982675,851,self,47
6ACV.pdb,0.5400279464224689,1152,self,47
HEEH_KT_rd6_1415.pdb,0.3449201229759951,814,self,47
HEEH_rd4_0094.pdb,0.39265699825325945,801,self,47
HHH_rd1_0949.pdb,0.3453516436599254,785,self,47
HHH_rd4_0124.pdb,0.3116714121959446,803,self,47
HHH_rd4_0395.pdb,0.5459228734058551,774,self,47
HHH_rd4_0557.pdb,0.4133279724085737,796,self,47
HHH_rd4_0613.pdb,0.3850018380096359,770,self,47
r10_572_TrROS_Hall.pdb,0.30165089261982503,883,self,47
r11_569_TrROS_Hall.pdb,0.29175040962085286,914,self,47
r15_550_TrROS_Hall.pdb,0.39316130703745844,1123,self,47
r3_162_TrROS_Hall.pdb,0.4597213461417377,957,self,47
v2_2LC2.pdb,0.44333933190772595,1060,self,47
v2_2LDM.pdb,0.39982199237393495,965,self,47
1I6C.pdb,0.3019858012777427,686,self,48
1V1C.pdb,0.512754924254384,1209,self,48
1WCL.pdb,0.4102061289333859,1306,self,48
1WR4.pdb,0.4301648153101607,448,self,48
2K5P.pdb,0.4039344278918752,1209,self,48
2K9D.pdb,0.38132265381741426,823,self,48
2KCF.pdb,0.3357060773766393,633,self,48
2LC2.pdb,0.42197399559545357,1204,self,48
2M9E.pdb,0.40797071075145536,475,self,48
2M9F.pdb,0.38061616178514845,592,self,48
2M9I.pdb,0.5414866445957228,605,self,48
2OP7.pdb,0.4551848201329991,684,self,48
2RU9.pdb,0.43189746441315235,1124,self,48
2WNM.pdb,0.372869844054051,1047,self,48
2YSF.pdb,0.3304748475904626,534,self,48
3ZGK.pdb,0.414785863932792,1301,self,48
5LXJ.pdb,0.3695160699751801,851,self,48
6ACV.pdb,0.5296859228087634,1152,self,48
HEEH_KT_rd6_1415.pdb,0.34588232408741487,814,self,48
HEEH_rd4_0094.pdb,0.3844238661958649,801,self,48
HHH_rd1_0949.pdb,0.34828012178781914,785,self,48
HHH_rd4_0124.pdb,0.31217447973586515,803,self,48
HHH_rd4_0395.pdb,0.5004694949836163,774,self,48
HHH_rd4_0557.pdb,0.4073132667539222,796,self,48
HHH_rd4_0613.pdb,0.4004552438035042,770,self,48
r10_572_TrROS_Hall.pdb,0.30597741161504066,883,self,48
r11_569_TrROS_Hall.pdb,0.30274252348768554,914,self,48
r15_550_TrROS_Hall.pdb,0.39730032812841165,1123,self,48
r3_162_TrROS_Hall.pdb,0.47097931647970015,957,self,48
v2_2LC2.pdb,0.43459011701507294,1060,self,48
v2_2LDM.pdb,0.4121338326616473,965,self,48
1I6C.pdb,0.30155251032146135,686,self,49
1V1C.pdb,0.523781690399111,1209,self,49
1WCL.pdb,0.4370090022890616,1306,self,49
1WR4.pdb,0.4045496799562304,448,self,49
2K5P.pdb,0.4426356848953832,1209,self,49
2K9D.pdb,0.3724435450595551,823,self,49
2KCF.pdb,0.3575738785155199,633,self,49
2LC2.pdb,0.44007444531421386,1204,self,49
2M9E.pdb,0.3946895717436596,475,self,49
2M9F.pdb,0.36988326239526426,592,self,49
2M9I.pdb,0.48855026329989765,605,self,49
2OP7.pdb,0.5156270005426524,684,self,49
2RU9.pdb,0.4148616819480498,1124,self,49
2WNM.pdb,0.38838279412605786,1047,self,49
2YSF.pdb,0.3672417166552928,534,self,49
3ZGK.pdb,0.45618415046328364,1301,self,49
5LXJ.pdb,0.38695485813521685,851,self,49
6ACV.pdb,0.5450898316305505,1152,self,49
HEEH_KT_rd6_1415.pdb,0.31985921720482774,814,self,49
HEEH_rd4_0094.pdb,0.40777506909824807,801,self,49
HHH_rd1_0949.pdb,0.35623550306948704,785,self,49
HHH_rd4_0124.pdb,0.28563883540450474,803,self,49
HHH_rd4_0395.pdb,0.5273647878616247,774,self,49
HHH_rd4_0557.pdb,0.3625265607784356,796,self,49
HHH_rd4_0613.pdb,0.42906666479308836,770,self,49
r10_572_TrROS_Hall.pdb,0.31058146303811274,883,self,49
r11_569_TrROS_Hall.pdb,0.2886268051893938,914,self,49
r15_550_TrROS_Hall.pdb,0.3534586331620817,1123,self,49
r3_162_TrROS_Hall.pdb,0.4321021869122248,957,self,49
v2_2LC2.pdb,0.47003698001683913,1060,self,49
v2_2LDM.pdb,0.3667879552845222,965,self,49
1I6C.pdb,0.319991034888515,686,self,50
1V1C.pdb,0.4930414048113102,1209,self,50
1WCL.pdb,0.43141712951944866,1306,self,50
1WR4.pdb,0.4220398486864398,448,self,50
2K5P.pdb,0.42144137274279697,1209,self,50
2K9D.pdb,0.3803186748132376,823,self,50
2KCF.pdb,0.3666094358715171,633,self,50
2LC2.pdb,0.42513711959229805,1204,self,50
2M9E.pdb,0.41999993402097313,475,self,50
2M9F.pdb,0.40803487013956086,592,self,50
2M9I.pdb,0.4912951411718563,605,self,50
2OP7.pdb,0.497799412916373,684,self,50
2RU9.pdb,0.40679548715804204,1124,self,50
2WNM.pdb,0.39484418818118366,1047,self,50
2YSF.pdb,0.3490235794896033,534,self,50
3ZGK.pdb,0.4293144766066786,1301,self,50
5LXJ.pdb,0.3810572550530376,851,self,50
6ACV.pdb,0.538166090367132,1152,self,50
HEEH_KT_rd6_1415.pdb,0.32100070718537654,814,self,50
HEEH_rd4_0094.pdb,0.4046811057790507,801,self,50
HHH_rd1_0949.pdb,0.3456671900317346,785,self,50
HHH_rd4_0124.pdb,0.29457393025407463,803,self,50
HHH_rd4_0395.pdb,0.5417524864415841,774,self,50
HHH_rd4_0557.pdb,0.38824165421601897,796,self,50
HHH_rd4_0613.pdb,0.4144877646327274,770,self,50
r10_572_TrROS_Hall.pdb,0.30360110006944635,883,self,50
r11_569_TrROS_Hall.pdb,0.2909708146616843,914,self,50
r15_550_TrROS_Hall.pdb,0.37552411658769363,1123,self,50
r3_162_TrROS_Hall.pdb,0.43990457092142765,957,self,50
v2_2LC2.pdb,0.44061318592891324,1060,self,50
v2_2LDM.pdb,0.3898802339812292,965,self,50
1I6C.pdb,0.33028764911490865,686,self,51
1V1C.pdb,0.4869025668082905,1209,self,51
1WCL.pdb,0.4127179451712883,1306,self,51
1WR4.pdb,0.4407133981685457,448,self,51
2K5P.pdb,0.4107050997749691,1209,self,51
2K9D.pdb,0.37145620127872586,823,self,51
2KCF.pdb,0.3506393829716906,633,self,51
2LC2.pdb,0.42597225458172183,1204,self,51
2M9E.pdb,0.40692087077522204,475,self,51
2M9F.pdb,0.3411062615570632,592,self,51
2M9I.pdb,0.5776560233131287,605,self,51
2OP7.pdb,0.48665807546228773,684,self,51
2RU9.pdb,0.4104279061119137,1124,self,51
2WNM.pdb,0.3706500229908453,1047,self,51
2YSF.pdb,0.3447024804090181,534,self,51
3ZGK.pdb,0.4480918813940295,1301,self,51
5LXJ.pdb,0.3750528665619736,851,self,51
6ACV.pdb,0.4970777008277356,1152,self,51
HEEH_KT_rd6_1415.pdb,0.3555388059748438,814,self,51
HEEH_rd4_0094.pdb,0.38429618926932363,801,self,51
HHH_rd1_0949.pdb,0.35869669157278977,785,self,51
HHH_rd4_0124.pdb,0.32279125424978283,803,self,51
HHH_rd4_0395.pdb,0.5177531613149314,774,self,51
HHH_rd4_0557.pdb,0.3969383156439792,796,self,51
HHH_rd4_0613.pdb,0.39304337764018304,770,self,51
r10_572_TrROS_Hall.pdb,0.2981122137883055,883,self,51
r11_569_TrROS_Hall.pdb,0.29646324568964216,914,self,51
r15_550_TrROS_Hall.pdb,0.3950652933761033,1123,self,51
r3_162_TrROS_Hall.pdb,0.5107737158974133,957,self,51
v2_2LC2.pdb,0.42936196790499503,1060,self,51
v2_2LDM.pdb,0.41855255900301747,965,self,51
1I6C.pdb,0.2947564819894988,686,static,42
1V1C.pdb,0.5005127629971025,1209,static,42
1WCL.pdb,0.4295619024883295,1306,static,42
1WR4.pdb,0.4239683292412466,448,static,42
2K5P.pdb,0.4244711666529961,1209,static,42
2K9D.pdb,0.37667048516673773,823,static,42
2KCF.pdb,0.3212296995700451,633,static,42
2LC2.pdb,0.4362452586860691,1204,static,42
2M9E.pdb,0.41110987607438426,475,static,42
2M9F.pdb,0.3675642097344446,592,static,42
2M9I.pdb,0.5226076735969781,605,static,42
2OP7.pdb,0.5009533673041806,684,static,42
2RU9.pdb,0.4040545395592777,1124,static,42
2WNM.pdb,0.3787425611415904,1047,static,42
2YSF.pdb,0.34582729255035427,534,static,42
3ZGK.pdb,0.45655903634674694,1301,static,42
5LXJ.pdb,0.37281861543800715,851,static,42
6ACV.pdb,0.53812049324367,1152,static,42
HEEH_KT_rd6_1415.pdb,0.30498581286571436,814,static,42
HEEH_rd4_0094.pdb,0.3866727032958253,801,static,42
HHH_rd1_0949.pdb,0.3568195254534259,785,static,42
HHH_rd4_0124.pdb,0.2853925893925566,803,static,42
HHH_rd4_0395.pdb,0.5306197751256335,774,static,42
HHH_rd4_0557.pdb,0.39071300138695403,796,static,42
HHH_rd4_0613.pdb,0.4089869612453369,770,static,42
r10_572_TrROS_Hall.pdb,0.2969575665377467,883,static,42
r11_569_TrROS_Hall.pdb,0.2928853133304985,914,static,42
r15_550_TrROS_Hall.pdb,0.36202285226507924,1123,static,42
r3_162_TrROS_Hall.pdb,0.44563564491877583,957,static,42
v2_2LC2.pdb,0.4477872370523037,1060,static,42
v2_2LDM.pdb,0.4029109142412293,965,static,42
1I6C.pdb,0.31474018900930434,686,static,43
1V1C.pdb,0.5039030146831514,1209,static,43
1WCL.pdb,0.4217355211807368,1306,static,43
1WR4.pdb,0.448373612658372,448,static,43
2K5P.pdb,0.41189741316330486,1209,static,43
2K9D.pdb,0.36788428803496487,823,static,43
2KCF.pdb,0.3574154145950807,633,static,43
2LC2.pdb,0.42119219320973733,1204,static,43
2M9E.pdb,0.4234610188493682,475,static,43
2M9F.pdb,0.358780052341567,592,static,43
2M9I.pdb,0.5788634870874273,605,static,43
2OP7.pdb,0.47929940193376525,684,static,43
2RU9.pdb,0.416786389240559,1124,static,43
2WNM.pdb,0.3577735792721219,1047,static,43
2YSF.pdb,0.34044385824289297,534,static,43
3ZGK.pdb,0.40912657878185865,1301,static,43
5LXJ.pdb,0.35907256108387425,851,static,43
6ACV.pdb,0.516433212207823,1152,static,43
HEEH_KT_rd6_1415.pdb,0.2990095056913063,814,static,43
HEEH_rd4_0094.pdb,0.38711349660895894,801,static,43
HHH_rd1_0949.pdb,0.34939725336940713,785,static,43
HHH_rd4_0124.pdb,0.29942228136308546,803,static,43
HHH_rd4_0395.pdb,0.5355067015056848,774,static,43
HHH_rd4_0557.pdb,0.4058481489858847,796,static,43
HHH_rd4_0613.pdb,0.3828434246129658,770,static,43
r10_572_TrROS_Hall.pdb,0.2867986844930391,883,static,43
r11_569_TrROS_Hall.pdb,0.2925827581311515,914,static,43
r15_550_TrROS_Hall.pdb,0.3602156495460179,1123,static,43
r3_162_TrROS_Hall.pdb,0.4977593615548171,957,static,43
v2_2LC2.pdb,0.41255127390688423,1060,static,43
v2_2LDM.pdb,0.5176204998918993,965,static,43
1I6C.pdb,0.31584287000600764,686,static,44
1V1C.pdb,0.5132578191828023,1209,static,44
1WCL.pdb,0.45402452417143546,1306,static,44
1WR4.pdb,0.4561415486023172,448,static,44
2K5P.pdb,0.45075292553598706,1209,static,44
2K9D.pdb,0.3857482755493285,823,static,44
2KCF.pdb,0.3525261647022118,633,static,44
2LC2.pdb,0.4193499501947137,1204,static,44
2M9E.pdb,0.43065135926613335,475,static,44
2M9F.pdb,0.34548273205724084,592,static,44
2M9I.pdb,0.6242879815871767,605,static,44
2OP7.pdb,0.4915122001898271,684,static,44
2RU9.pdb,0.4216211290332073,1124,static,44
2WNM.pdb,0.3578122194135123,1047,static,44
2YSF.pdb,0.35685323347928993,534,static,44
3ZGK.pdb,0.4276297148029431,1301,static,44
5LXJ.pdb,0.383907812890943,851,static,44
6ACV.pdb,0.5083254756192193,1152,static,44
HEEH_KT_rd6_1415.pdb,0.27142629340406904,814,static,44
HEEH_rd4_0094.pdb,0.41999162540725554,801,static,44
HHH_rd1_0949.pdb,0.36339229832253395,785,static,44
HHH_rd4_0124.pdb,0.27720610399990636,803,static,44
HHH_rd4_0395.pdb,0.5343224126268666,774,static,44
HHH_rd4_0557.pdb,0.3783090261616663,796,static,44
HHH_rd4_0613.pdb,0.382699015525189,770,static,44
r10_572_TrROS_Hall.pdb,0.30665074858076585,883,static,44
r11_569_TrROS_Hall.pdb,0.30057376670311164,914,static,44
r15_550_TrROS_Hall.pdb,0.3229263644303752,1123,static,44
r3_162_TrROS_Hall.pdb,0.38025340832425286,957,static,44
v2_2LC2.pdb,0.4448690970694772,1060,static,44
v2_2LDM.pdb,0.5171592033825378,965,static,44
1I6C.pdb,0.33355115824864773,686,static,45
1V1C.pdb,0.47989842147813333,1209,static,45
1WCL.pdb,0.4117165550228918,1306,static,45
1WR4.pdb,0.4561563176111253,448,static,45
2K5P.pdb,0.4259570183376998,1209,static,45
2K9D.pdb,0.3543151850609815,823,static,45
2KCF.pdb,0.34931154681631804,633,static,45
2LC2.pdb,0.4031573659032813,1204,static,45
2M9E.pdb,0.4288540354768057,475,static,45
2M9F.pdb,0.35232533865186716,592,static,45
2M9I.pdb,0.6075513550553796,605,static,45
2OP7.pdb,0.4538974419103108,684,static,45
2RU9.pdb,0.432885629496257,1124,static,45
2WNM.pdb,0.35720460730964326,1047,static,45
2YSF.pdb,0.35945397437974835,534,static,45
3ZGK.pdb,0.39656274458088553,1301,static,45
5LXJ.pdb,0.34608584884139865,851,static,45
6ACV.pdb,0.5155743185308612,1152,static,45
HEEH_KT_rd6_1415.pdb,0.3338386713898182,814,static,45
HEEH_rd4_0094.pdb,0.3890082938265803,801,static,45
HHH_rd1_0949.pdb,0.3276093752383797,785,static,45
HHH_rd4_0124.pdb,0.33652006745226015,803,static,45
HHH_rd4_0395.pdb,0.5066103300026653,774,static,45
HHH_rd4_0557.pdb,0.4055884385040917,796,static,45
HHH_rd4_0613.pdb,0.38199973323498676,770,static,45
r10_572_TrROS_Hall.pdb,0.27748116837467224,883,static,45
r11_569_TrROS_Hall.pdb,0.28655941080773234,914,static,45
r15_550_TrROS_Hall.pdb,0.3760883719547219,1123,static,45
r3_162_TrROS_Hall.pdb,0.48792298885951685,957,static,45
v2_2LC2.pdb,0.4257008237949664,1060,static,45
v2_2LDM.pdb,0.5355507635745239,965,static,45
1I6C.pdb,0.33237153553208687,686,static,46
1V1C.pdb,0.5014879669022754,1209,static,46
1WCL.pdb,0.39888077449679643,1306,static,46
1WR4.pdb,0.4558479550968936,448,static,46
2K5P.pdb,0.4160925266659369,1209,static,46
2K9D.pdb,0.3840123439759669,823,static,46
2KCF.pdb,0.3498445567202381,633,static,46
2LC2.pdb,0.40773567196820815,1204,static,46
2M9E.pdb,0.4274028040052557,475,static,46
2M9F.pdb,0.36182405643976706,592,static,46
2M9I.pdb,0.6293548531923058,605,static,46
2OP7.pdb,0.45773262747840404,684,static,46
2RU9.pdb,0.4327937492776548,1124,static,46
2WNM.pdb,0.37070176979518815,1047,static,46
2YSF.pdb,0.33681417943084857,534,static,46
3ZGK.pdb,0.404059470877383,1301,static,46
5LXJ.pdb,0.3578328242157581,851,static,46
6ACV.pdb,0.5077898063857894,1152,static,46
HEEH_KT_rd6_1415.pdb,0.34315609434748107,814,static,46
HEEH_rd4_0094.pdb,0.3814567550331596,801,static,46
HHH_rd1_0949.pdb,0.32596181125255225,785,static,46
HHH_rd4_0124.pdb,0.3098642805475085,803,static,46
HHH_rd4_0395.pdb,0.5234785655867769,774,static,46
HHH_rd4_0557.pdb,0.4162861239880429,796,static,46
HHH_rd4_0613.pdb,0.3888154615017122,770,static,46
r10_572_TrROS_Hall.pdb,0.27613075693809036,883,static,46
r11_569_TrROS_Hall.pdb,0.2960798357774406,914,static,46
r15_550_TrROS_Hall.pdb,0.3934810449530553,1123,static,46
r3_162_TrROS_Hall.pdb,0.49165133544967027,957,static,46
v2_2LC2.pdb,0.42547773547694734,1060,static,46
v2_2LDM.pdb,0.48365471384917524,965,static,46
1I6C.pdb,0.2919564316617268,686,static,47
1V1C.pdb,0.49234222484126916,1209,static,47
1WCL.pdb,0.4336651360067875,1306,static,47
1WR4.pdb,0.4205867913592721,448,static,47
2K5P.pdb,0.4464277354774969,1209,static,47
2K9D.pdb,0.3910178971326856,823,static,47
2KCF.pdb,0.3335695632369567,633,static,47
2LC2.pdb,0.4250198530293568,1204,static,47
2M9E.pdb,0.40013507946776866,475,static,47
2M9F.pdb,0.3757068406831217,592,static,47
2M9I.pdb,0.5027521607247419,605,static,47
2OP7.pdb,0.4808417095771191,684,static,47
2RU9.pdb,0.4020945677711842,1124,static,47
2WNM.pdb,0.3737259755506485,1047,static,47
2YSF.pdb,0.3560914192653224,534,static,47
3ZGK.pdb,0.4363573392667614,1301,static,47
5LXJ.pdb,0.3900952549309383,851,static,47
6ACV.pdb,0.5410071339916631,1152,static,47
HEEH_KT_rd6_1415.pdb,0.34339822538162224,814,static,47
HEEH_rd4_0094.pdb,0.3990522383336741,801,static,47
HHH_rd1_0949.pdb,0.34254940150500635,785,static,47
HHH_rd4_0124.pdb,0.30808623170314237,803,static,47
HHH_rd4_0395.pdb,0.5384280407780739,774,static,47
HHH_rd4_0557.pdb,0.40138406794450887,796,static,47
HHH_rd4_0613.pdb,0.39136979728397114,770,static,47
r10_572_TrROS_Hall.pdb,0.2997026032884931,883,static,47
r11_569_TrROS_Hall.pdb,0.29429064191707144,914,static,47
r15_550_TrROS_Hall.pdb,0.38027874921197236,1123,static,47
r3_162_TrROS_Hall.pdb,0.45135657377505645,957,static,47
v2_2LC2.pdb,0.4382227357059172,1060,static,47
v2_2LDM.pdb,0.4106689419622327,965,static,47
1I6C.pdb,0.30305833054636466,686,static,48
1V1C.pdb,0.5105171412490757,1209,static,48
1WCL.pdb,0.4062192873230975,1306,static,48
1WR4.pdb,0.4437543623926264,448,static,48
2K5P.pdb,0.40511083836038003,1209,static,48
2K9D.pdb,0.3775088523058417,823,static,48
2KCF.pdb,0.32991520825176174,633,static,48
2LC2.pdb,0.4193764320767346,1204,static,48
2M9E.pdb,0.4146348626068268,475,static,48
2M9F.pdb,0.3765396935290663,592,static,48
2M9I.pdb,0.560339134929667,605,static,48
2OP7.pdb,0.42882118061852215,684,static,48
2RU9.pdb,0.4300122234129205,1124,static,48
2WNM.pdb,0.37488786147033654,1047,static,48
2YSF.pdb,0.3314570790274907,534,static,48
3ZGK.pdb,0.4103354304795345,1301,static,48
5LXJ.pdb,0.3701169997291368,851,static,48
6ACV.pdb,0.531223550034411,1152,static,48
HEEH_KT_rd6_1415.pdb,0.34222493228437484,814,static,48
HEEH_rd4_0094.pdb,0.38796874097126954,801,static,48
HHH_rd1_0949.pdb,0.34913978378324595,785,static,48
HHH_rd4_0124.pdb,0.3095028795827566,803,static,48
HHH_rd4_0395.pdb,0.49971034164792566,774,static,48
HHH_rd4_0557.pdb,0.4068635950199472,796,static,48
HHH_rd4_0613.pdb,0.4026697987642958,770,static,48
r10_572_TrROS_Hall.pdb,0.30164832811650594,883,static,48
r11_569_TrROS_Hall.pdb,0.3008525452655421,914,static,48
r15_550_TrROS_Hall.pdb,0.3897704451933084,1123,static,48
r3_162_TrROS_Hall.pdb,0.4806563021601249,957,static,48
v2_2LC2.pdb,0.4315411134428215,1060,static,48
v2_2LDM.pdb,0.4339146910257482,965,static,48
1I6C.pdb,0.301732634960553,686,static,49
1V1C.pdb,0.5196878840052639,1209,static,49
1WCL.pdb,0.43576978895837476,1306,static,49
1WR4.pdb,0.41902102850628914,448,static,49
2K5P.pdb,0.44255117614024403,1209,static,49
2K9D.pdb,0.37215830206490647,823,static,49
2KCF.pdb,0.353473807512301,633,static,49
2LC2.pdb,0.44159964663344975,1204,static,49
2M9E.pdb,0.39131007264548534,475,static,49
2M9F.pdb,0.3630054413467571,592,static,49
2M9I.pdb,0.5005908771129198,605,static,49
2OP7.pdb,0.5059306629996316,684,static,49
2RU9.pdb,0.40740657635867483,1124,static,49
2WNM.pdb,0.3842130936189204,1047,static,49
2YSF.pdb,0.362346781517044,534,static,49
3ZGK.pdb,0.4584002137504598,1301,static,49
5LXJ.pdb,0.389105266017736,851,static,49
6ACV.pdb,0.5433810706286855,1152,static,49
HEEH_KT_rd6_1415.pdb,0.31278511617840243,814,static,49
HEEH_rd4_0094.pdb,0.4060359695547866,801,static,49
HHH_rd1_0949.pdb,0.3594782584169147,785,static,49
HHH_rd4_0124.pdb,0.2847520951119039,803,static,49
HHH_rd4_0395.pdb,0.5246443814951114,774,static,49
HHH_rd4_0557.pdb,0.3607227637403029,796,static,49
HHH_rd4_0613.pdb,0.43176355045498177,770,static,49
r10_572_TrROS_Hall.pdb,0.311800520772944,883,static,49
r11_569_TrROS_Hall.pdb,0.288316709259144,914,static,49
r15_550_TrROS_Hall.pdb,0.34558098002445387,1123,static,49
r3_162_TrROS_Hall.pdb,0.4245404107540684,957,static,49
v2_2LC2.pdb,0.4681815417961116,1060,static,49
v2_2LDM.pdb,0.3841046334164216,965,static,49
1I6C.pdb,0.31740532200813515,686,static,50
1V1C.pdb,0.49356151339154114,1209,static,50
1WCL.pdb,0.43259185207652123,1306,static,50
1WR4.pdb,0.42490969253567384,448,static,50
2K5P.pdb,0.4236538378646421,1209,static,50
2K9D.pdb,0.38389619257049096,823,static,50
2KCF.pdb,0.361457801909678,633,static,50
2LC2.pdb,0.43367396344336934,1204,static,50
2M9E.pdb,0.4126703148629263,475,static,50
2M9F.pdb,0.39696113038409475,592,static,50
2M9I.pdb,0.5044036214680291,605,static,50
2OP7.pdb,0.4844205860755163,684,static,50
2RU9.pdb,0.4006502278057465,1124,static,50
2WNM.pdb,0.38913065116771084,1047,static,50
2YSF.pdb,0.34464732477417764,534,static,50
3ZGK.pdb,0.43486756840826435,1301,static,50
5LXJ.pdb,0.38341318017123366,851,static,50
6ACV.pdb,0.537832607126352,1152,static,50
HEEH_KT_rd6_1415.pdb,0.31590018210912535,814,static,50
HEEH_rd4_0094.pdb,0.4067419562521687,801,static,50
HHH_rd1_0949.pdb,0.35209285633876175,785,static,50
HHH_rd4_0124.pdb,0.29056058447906513,803,static,50
HHH_rd4_0395.pdb,0.5355225547462767,774,static,50
HHH_rd4_0557.pdb,0.3862137821823701,796,static,50
HHH_rd4_0613.pdb,0.41861862119573284,770,static,50
r10_572_TrROS_Hall.pdb,0.30374411189258854,883,static,50
r11_569_TrROS_Hall.pdb,0.29112763578258405,914,static,50
r15_550_TrROS_Hall.pdb,0.3699067804712164,1123,static,50
r3_162_TrROS_Hall.pdb,0.4296075085932788,957,static,50
v2_2LC2.pdb,0.4422836944559853,1060,static,50
v2_2LDM.pdb,0.3999138852541879,965,static,50
1I6C.pdb,0.314595997052281,686,static,51
1V1C.pdb,0.4741810425201819,1209,static,51
1WCL.pdb,0.41091561504377594,1306,static,51
1WR4.pdb,0.43917675359604547,448,static,51
2K5P.pdb,0.43363311330343296,1209,static,51
2K9D.pdb,0.36204972804142066,823,static,51
2KCF.pdb,0.34977053214606607,633,static,51
2LC2.pdb,0.3958605599190533,1204,static,51
2M9E.pdb,0.3947711460507554,475,static,51
2M9F.pdb,0.3239245016043074,592,static,51
2M9I.pdb,0.5969948936052374,605,static,51
2OP7.pdb,0.4859173616891846,684,static,51
2RU9.pdb,0.4292320819201174,1124,static,51
2WNM.pdb,0.38608239980812403,1047,static,51
2YSF.pdb,0.35569065756972945,534,static,51
3ZGK.pdb,0.392955579055954,1301,static,51
5LXJ.pdb,0.3590035182115664,851,static,51
6ACV.pdb,0.49659522016621693,1152,static,51
HEEH_KT_rd6_1415.pdb,0.2950655417261607,814,static,51
HEEH_rd4_0094.pdb,0.40174025686599507,801,static,51
HHH_rd1_0949.pdb,0.3399143923385152,785,static,51
HHH_rd4_0124.pdb,0.33201937170364976,803,static,51
HHH_rd4_0395.pdb,0.5351189577401044,774,static,51
HHH_rd4_0557.pdb,0.40536420816861984,796,static,51
HHH_rd4_0613.pdb,0.3859035832334077,770,static,51
r10_572_TrROS_Hall.pdb,0.2940935527845334,883,static,51
r11_569_TrROS_Hall.pdb,0.2848823077071543,914,static,51
r15_550_TrROS_Hall.pdb,0.3529035335799888,1123,static,51
r3_162_TrROS_Hall.pdb,0.4427285815652849,957,static,51
v2_2LC2.pdb,0.4270764502663103,1060,static,51
v2_2LDM.pdb,0.5383737158593717,965,static,51
1I6C.pdb,0.2949909565816986,686,swarm,42
1V1C.pdb,0.5003922198310705,1209,swarm,42
1WCL.pdb,0.42950444719299086,1306,swarm,42
1WR4.pdb,0.4280181686242135,448,swarm,42
2K5P.pdb,0.4245390961590137,1209,swarm,42
2K9D.pdb,0.37637735227118363,823,swarm,42
2KCF.pdb,0.32003267212214176,633,swarm,42
2LC2.pdb,0.43432257201924024,1204,swarm,42
2M9E.pdb,0.41137420818227,475,swarm,42
2M9F.pdb,0.36578802312664377,592,swarm,42
2M9I.pdb,0.5284057122317636,605,swarm,42
2OP7.pdb,0.49616223635862544,684,swarm,42
2RU9.pdb,0.4025211620107553,1124,swarm,42
2WNM.pdb,0.37558913601063887,1047,swarm,42
2YSF.pdb,0.34430192896056233,534,swarm,42
3ZGK.pdb,0.4541940862823596,1301,swarm,42
5LXJ.pdb,0.3716875433200105,851,swarm,42
6ACV.pdb,0.5379825685253766,1152,swarm,42
HEEH_KT_rd6_1415.pdb,0.3036488967821319,814,swarm,42
HEEH_rd4_0094.pdb,0.3890108362286701,801,swarm,42
HHH_rd1_0949.pdb,0.3563614897708197,785,swarm,42
HHH_rd4_0124.pdb,0.28575242258855804,803,swarm,42
HHH_rd4_0395.pdb,0.5287573570756927,774,swarm,42
HHH_rd4_0557.pdb,0.3888022260642829,796,swarm,42
HHH_rd4_0613.pdb,0.4079097719090964,770,swarm,42
r10_572_TrROS_Hall.pdb,0.29610225790086026,883,swarm,42
r11_569_TrROS_Hall.pdb,0.2929798948457954,914,swarm,42
r15_550_TrROS_Hall.pdb,0.35889636450265444,1123,swarm,42
r3_162_TrROS_Hall.pdb,0.44582699978227286,957,swarm,42
v2_2LC2.pdb,0.4441156862521937,1060,swarm,42
v2_2LDM.pdb,0.41371333512490277,965,swarm,42
1I6C.pdb,0.3131507940042242,686,swarm,43
1V1C.pdb,0.5069226519052689,1209,swarm,43
1WCL.pdb,0.422384219864621,1306,swarm,43
1WR4.pdb,0.4427804746289589,448,swarm,43
2K5P.pdb,0.4133919984491484,1209,swarm,43
2K9D.pdb,0.36477283585091363,823,swarm,43
2KCF.pdb,0.35744083609596133,633,swarm,43
2LC2.pdb,0.4190534259149636,1204,swarm,43
2M9E.pdb,0.4169463531098023,475,swarm,43
2M9F.pdb,0.3529074728487201,592,swarm,43
2M9I.pdb,0.5774122572276539,605,swarm,43
2OP7.pdb,0.47278773241938404,684,swarm,43
2RU9.pdb,0.4210802836850112,1124,swarm,43
2WNM.pdb,0.3545199722770727,1047,swarm,43
2YSF.pdb,0.3396149395786966,534,swarm,43
3ZGK.pdb,0.4061753517521692,1301,swarm,43
5LXJ.pdb,0.35621030598759607,851,swarm,43
6ACV.pdb,0.5162014152257188,1152,swarm,43
HEEH_KT_rd6_1415.pdb,0.30978031660792743,814,swarm,43
HEEH_rd4_0094.pdb,0.3847287494956807,801,swarm,43
HHH_rd1_0949.pdb,0.3450670274684696,785,swarm,43
HHH_rd4_0124.pdb,0.3028410552950097,803,swarm,43
HHH_rd4_0395.pdb,0.5335569988909362,774,swarm,43
HHH_rd4_0557.pdb,0.4066370695731002,796,swarm,43
HHH_rd4_0613.pdb,0.3801942827557059,770,swarm,43
r10_572_TrROS_Hall.pdb,0.28542555591447455,883,swarm,43
r11_569_TrROS_Hall.pdb,0.29506976844291555,914,swarm,43
r15_550_TrROS_Hall.pdb,0.359722118459661,1123,swarm,43
r3_162_TrROS_Hall.pdb,0.5023262927355896,957,swarm,43
v2_2LC2.pdb,0.41494506322469327,1060,swarm,43
v2_2LDM.pdb,0.5227534748733865,965,swarm,43
1I6C.pdb,0.31399788645124765,686,swarm,44
1V1C.pdb,0.5164204941849598,1209,swarm,44
1WCL.pdb,0.4517843429645053,1306,swarm,44
1WR4.pdb,0.45421226147678967,448,swarm,44
2K5P.pdb,0.44996400086721045,1209,swarm,44
2K9D.pdb,0.3836992467516123,823,swarm,44
2KCF.pdb,0.35154599148729615,633,swarm,44
2LC2.pdb,0.41918790529825417,1204,swarm,44
2M9E.pdb,0.42744724973168824,475,swarm,44
2M9F.pdb,0.3423409804034377,592,swarm,44
2M9I.pdb,0.6229679292693632,605,swarm,44
2OP7.pdb,0.4913313354710306,684,swarm,44
2RU9.pdb,0.423631587080482,1124,swarm,44
2WNM.pdb,0.35997094535290325,1047,swarm,44
2YSF.pdb,0.35618742731750835,534,swarm,44
3ZGK.pdb,0.42529830613743236,1301,swarm,44
5LXJ.pdb,0.3819525145378632,851,swarm,44
6ACV.pdb,0.5071546368239052,1152,swarm,44
HEEH_KT_rd6_1415.pdb,0.2801270740988667,814,swarm,44
HEEH_rd4_0094.pdb,0.4239279285574415,801,swarm,44
HHH_rd1_0949.pdb,0.35907469292638483,785,swarm,44
HHH_rd4_0124.pdb,0.2818865432860218,803,swarm,44
HHH_rd4_0395.pdb,0.5336326148952364,774,swarm,44
HHH_rd4_0557.pdb,0.3794788748857609,796,swarm,44
HHH_rd4_0613.pdb,0.38023832496676896,770,swarm,44
r10_572_TrROS_Hall.pdb,0.30662629796994345,883,swarm,44
r11_569_TrROS_Hall.pdb,0.30264207641128377,914,swarm,44
r15_550_TrROS_Hall.pdb,0.3237599734343432,1123,swarm,44
r3_162_TrROS_Hall.pdb,0.3833017586401153,957,swarm,44
v2_2LC2.pdb,0.44703010490274453,1060,swarm,44
v2_2LDM.pdb,0.5146970096299712,965,swarm,44
1I6C.pdb,0.2872908915176381,686,swarm,45
1V1C.pdb,0.5187139471636467,1209,swarm,45
1WCL.pdb,0.4416967559261157,1306,swarm,45
1WR4.pdb,0.4238509905518487,448,swarm,45
2K5P.pdb,0.44680252343479787,1209,swarm,45
2K9D.pdb,0.4006331643445791,823,swarm,45
2KCF.pdb,0.3323911147337856,633,swarm,45
2LC2.pdb,0.45428046898346675,1204,swarm,45
2M9E.pdb,0.4056826945384772,475,swarm,45
2M9F.pdb,0.37677046590915414,592,swarm,45
2M9I.pdb,0.49708316728232754,605,swarm,45
2OP7.pdb,0.49635644366150455,684,swarm,45
2RU9.pdb,0.4165333835740937,1124,swarm,45
2WNM.pdb,0.3775526408397586,1047,swarm,45
2YSF.pdb,0.36068743882668125,534,swarm,45
3ZGK.pdb,0.46087628574473705,1301,swarm,45
5LXJ.pdb,0.388777973566443,851,swarm,45
6ACV.pdb,0.5515835911150098,1152,swarm,45
HEEH_KT_rd6_1415.pdb,0.29467350071906623,814,swarm,45
HEEH_rd4_0094.pdb,0.41503871221885835,801,swarm,45
HHH_rd1_0949.pdb,0.37522759347266704,785,swarm,45
HHH_rd4_0124.pdb,0.26256071503420053,803,swarm,45
HHH_rd4_0395.pdb,0.5446114558363684,774,swarm,45
HHH_rd4_0557.pdb,0.3790042219881594,796,swarm,45
HHH_rd4_0613.pdb,0.4236429590611976,770,swarm,45
r10_572_TrROS_Hall.pdb,0.3009658264070436,883,swarm,45
r11_569_TrROS_Hall.pdb,0.30234862089887965,914,swarm,45
r15_550_TrROS_Hall.pdb,0.35635875223002694,1123,swarm,45
r3_162_TrROS_Hall.pdb,0.41645811889556683,957,swarm,45
v2_2LC2.pdb,0.4642229908207362,1060,swarm,45
v2_2LDM.pdb,0.3727612051680515,965,swarm,45
1I6C.pdb,0.30771945791755595,686,swarm,46
1V1C.pdb,0.49906164027114946,1209,swarm,46
1WCL.pdb,0.4551068410855177,1306,swarm,46
1WR4.pdb,0.4329377606082551,448,swarm,46
2K5P.pdb,0.4649197461641126,1209,swarm,46
2K9D.pdb,0.3912891411239447,823,swarm,46
2KCF.pdb,0.34578426635037557,633,swarm,46
2LC2.pdb,0.4175456406390236,1204,swarm,46
2M9E.pdb,0.3917107768792514,475,swarm,46
2M9F.pdb,0.34417843122901104,592,swarm,46
2M9I.pdb,0.5740435541702966,605,swarm,46
2OP7.pdb,0.5044030996836644,684,swarm,46
2RU9.pdb,0.4256433767281224,1124,swarm,46
2WNM.pdb,0.377313514599183,1047,swarm,46
2YSF.pdb,0.3826210483670407,534,swarm,46
3ZGK.pdb,0.42486498386549076,1301,swarm,46
5LXJ.pdb,0.38958617390025196,851,swarm,46
6ACV.pdb,0.5045974982675825,1152,swarm,46
HEEH_KT_rd6_1415.pdb,0.25922194239549656,814,swarm,46
HEEH_rd4_0094.pdb,0.42762743212321147,801,swarm,46
HHH_rd1_0949.pdb,0.38233684918573524,785,swarm,46
HHH_rd4_0124.pdb,0.28338925984725216,803,swarm,46
HHH_rd4_0395.pdb,0.5527074438386639,774,swarm,46
HHH_rd4_0557.pdb,0.3768881567413985,796,swarm,46
HHH_rd4_0613.pdb,0.40017558558638955,770,swarm,46
r10_572_TrROS_Hall.pdb,0.3071401568901644,883,swarm,46
r11_569_TrROS_Hall.pdb,0.30056954544708653,914,swarm,46
r15_550_TrROS_Hall.pdb,0.3154392116331157,1123,swarm,46
r3_162_TrROS_Hall.pdb,0.39611550981257393,957,swarm,46
v2_2LC2.pdb,0.43088653234134155,1060,swarm,46
v2_2LDM.pdb,0.5384603210081074,965,swarm,46
1I6C.pdb,0.2931450298954202,686,swarm,47
1V1C.pdb,0.4916623517464611,1209,swarm,47
1WCL.pdb,0.43249561369048883,1306,swarm,47
1WR4.pdb,0.41921396728124355,448,swarm,47
2K5P.pdb,0.4466792891937553,1209,swarm,47
2K9D.pdb,0.39117882979014884,823,swarm,47
2KCF.pdb,0.33460122889812366,633,swarm,47
2LC2.pdb,0.42393521697621234,1204,swarm,47
2M9E.pdb,0.40270864406477386,475,swarm,47
2M9F.pdb,0.37662311779461266,592,swarm,47
2M9I.pdb,0.5062297382946267,605,swarm,47
2OP7.pdb,0.4777835718655405,684,swarm,47
2RU9.pdb,0.4021060379140426,1124,swarm,47
2WNM.pdb,0.3740012674543107,1047,swarm,47
2YSF.pdb,0.3565842541693004,534,swarm,47
3ZGK.pdb,0.43470962790492307,1301,swarm,47
5LXJ.pdb,0.38892492251387356,851,swarm,47
6ACV.pdb,0.540215105549819,1152,swarm,47
HEEH_KT_rd6_1415.pdb,0.34557334538420215,814,swarm,47
HEEH_rd4_0094.pdb,0.40142736873589885,801,swarm,47
HHH_rd1_0949.pdb,0.3410056093131999,785,swarm,47
HHH_rd4_0124.pdb,0.3109235705109422,803,swarm,47
HHH_rd4_0395.pdb,0.5365054270994263,774,swarm,47
HHH_rd4_0557.pdb,0.40249782588255717,796,swarm,47
HHH_rd4_0613.pdb,0.3909383900955266,770,swarm,47
r10_572_TrROS_Hall.pdb,0.30001435631467416,883,swarm,47
r11_569_TrROS_Hall.pdb,0.29465789683851445,914,swarm,47
r15_550_TrROS_Hall.pdb,0.3819242088414865,1123,swarm,47
r3_162_TrROS_Hall.pdb,0.45192159468580684,957,swarm,47
v2_2LC2.pdb,0.437004815687413,1060,swarm,47
v2_2LDM.pdb,0.4217998643362134,965,swarm,47
1I6C.pdb,0.30719190155393383,686,swarm,48
1V1C.pdb,0.5116687682741853,1209,swarm,48
1WCL.pdb,0.4055750997016561,1306,swarm,48
1WR4.pdb,0.45061217566628714,448,swarm,48
2K5P.pdb,0.4054475719920654,1209,swarm,48
2K9D.pdb,0.3767322679214547,823,swarm,48
2KCF.pdb,0.33131236644164097,633,swarm,48
2LC2.pdb,0.41982331897019365,1204,swarm,48
2M9E.pdb,0.4151191995409036,475,swarm,48
2M9F.pdb,0.3757727303772424,592,swarm,48
2M9I.pdb,0.5675986207145327,605,swarm,48
2OP7.pdb,0.42234197882724805,684,swarm,48
2RU9.pdb,0.4300343395988058,1124,swarm,48
2WNM.pdb,0.3741102464920929,1047,swarm,48
2YSF.pdb,0.3302600920478338,534,swarm,48
3ZGK.pdb,0.41165899174353104,1301,swarm,48
5LXJ.pdb,0.36949691645776667,851,swarm,48
6ACV.pdb,0.5310076973999177,1152,swarm,48
HEEH_KT_rd6_1415.pdb,0.3388479997539886,814,swarm,48
HEEH_rd4_0094.pdb,0.3896377252856639,801,swarm,48
HHH_rd1_0949.pdb,0.3502419375553382,785,swarm,48
HHH_rd4_0124.pdb,0.3094374602975941,803,swarm,48
HHH_rd4_0395.pdb,0.4991427520100712,774,swarm,48
HHH_rd4_0557.pdb,0.40454929298263587,796,swarm,48
HHH_rd4_0613.pdb,0.4018927857542544,770,swarm,48
r10_572_TrROS_Hall.pdb,0.3013739829975825,883,swarm,48
r11_569_TrROS_Hall.pdb,0.30008671633440204,914,swarm,48
r15_550_TrROS_Hall.pdb,0.3880177495829663,1123,swarm,48
r3_162_TrROS_Hall.pdb,0.4834125597985703,957,swarm,48
v2_2LC2.pdb,0.43172433370242075,1060,swarm,48
v2_2LDM.pdb,0.44189018858929313,965,swarm,48
1I6C.pdb,0.3037563493278126,686,swarm,49
1V1C.pdb,0.5183289487929299,1209,swarm,49
1WCL.pdb,0.43521946035227055,1306,swarm,49
1WR4.pdb,0.420560688082681,448,swarm,49
2K5P.pdb,0.44532604828045336,1209,swarm,49
2K9D.pdb,0.3738035512589417,823,swarm,49
2KCF.pdb,0.353085529200986,633,swarm,49
2LC2.pdb,0.44148752632379734,1204,swarm,49
2M9E.pdb,0.39060691206543696,475,swarm,49
2M9F.pdb,0.36126967842095237,592,swarm,49
2M9I.pdb,0.5076047123948882,605,swarm,49
2OP7.pdb,0.5027393942485415,684,swarm,49
2RU9.pdb,0.40553172274362514,1124,swarm,49
2WNM.pdb,0.3838005403635839,1047,swarm,49
2YSF.pdb,0.3610258068971854,534,swarm,49
3ZGK.pdb,0.45864521743215636,1301,swarm,49
5LXJ.pdb,0.38898196367694493,851,swarm,49
6ACV.pdb,0.5423329796562016,1152,swarm,49
HEEH_KT_rd6_1415.pdb,0.3081158595140562,814,swarm,49
HEEH_rd4_0094.pdb,0.40959700750473277,801,swarm,49
HHH_rd1_0949.pdb,0.35966378380822467,785,swarm,49
HHH_rd4_0124.pdb,0.28368311470653534,803,swarm,49
HHH_rd4_0395.pdb,0.5242979557683394,774,swarm,49
HHH_rd4_0557.pdb,0.3597769023528416,796,swarm,49
HHH_rd4_0613.pdb,0.4307516618616602,770,swarm,49
r10_572_TrROS_Hall.pdb,0.3108250953431463,883,swarm,49
r11_569_TrROS_Hall.pdb,0.28892548643284993,914,swarm,49
r15_550_TrROS_Hall.pdb,0.3411242091643001,1123,swarm,49
r3_162_TrROS_Hall.pdb,0.4194513167998818,957,swarm,49
v2_2LC2.pdb,0.4662782402133911,1060,swarm,49
v2_2LDM.pdb,0.3915345983221938,965,swarm,49
1I6C.pdb,0.3175353618065773,686,swarm,50
1V1C.pdb,0.4938912093606193,1209,swarm,50
1WCL.pdb,0.4346801939654903,1306,swarm,50
1WR4.pdb,0.4264594397156251,448,swarm,50
2K5P.pdb,0.42467972769122075,1209,swarm,50
2K9D.pdb,0.38540051242479384,823,swarm,50
2KCF.pdb,0.35861935991390487,633,swarm,50
2LC2.pdb,0.4352668845352024,1204,swarm,50
2M9E.pdb,0.41070320471563726,475,swarm,50
2M9F.pdb,0.3947371765012449,592,swarm,50
2M9I.pdb,0.5069458040950825,605,swarm,50
2OP7.pdb,0.4806679132509288,684,swarm,50
2RU9.pdb,0.39834126926770325,1124,swarm,50
2WNM.pdb,0.38788048278412046,1047,swarm,50
2YSF.pdb,0.34411310710028753,534,swarm,50
3ZGK.pdb,0.4372352764310627,1301,swarm,50
5LXJ.pdb,0.38398056976358175,851,swarm,50
6ACV.pdb,0.535521927409284,1152,swarm,50
HEEH_KT_rd6_1415.pdb,0.3152911729986258,814,swarm,50
HEEH_rd4_0094.pdb,0.4104172067956404,801,swarm,50
HHH_rd1_0949.pdb,0.3551615732162488,785,swarm,50
HHH_rd4_0124.pdb,0.28872716960192896,803,swarm,50
HHH_rd4_0395.pdb,0.5352553602760324,774,swarm,50
HHH_rd4_0557.pdb,0.38425720111472667,796,swarm,50
HHH_rd4_0613.pdb,0.4203882438047891,770,swarm,50
r10_572_TrROS_Hall.pdb,0.3024494791249468,883,swarm,50
r11_569_TrROS_Hall.pdb,0.2898287667731676,914,swarm,50
r15_550_TrROS_Hall.pdb,0.365646691589533,1123,swarm,50
r3_162_TrROS_Hall.pdb,0.4253339853763269,957,swarm,50
v2_2LC2.pdb,0.44290923388156694,1060,swarm,50
v2_2LDM.pdb,0.4063127380222814,965,swarm,50
1I6C.pdb,0.31013465552088537,686,swarm,51
1V1C.pdb,0.4745126008974468,1209,swarm,51
1WCL.pdb,0.4086847159628587,1306,swarm,51
1WR4.pdb,0.44002746079504307,448,swarm,51
2K5P.pdb,0.43431968524944975,1209,swarm,51
2K9D.pdb,0.36338748829387907,823,swarm,51
2KCF.pdb,0.3434909784702066,633,swarm,51
2LC2.pdb,0.3952132711436164,1204,swarm,51
2M9E.pdb,0.39771989325980717,475,swarm,51
2M9F.pdb,0.3202466012211416,592,swarm,51
2M9I.pdb,0.6101471561609386,605,swarm,51
2OP7.pdb,0.4890075819181273,684,swarm,51
2RU9.pdb,0.441577906834113,1124,swarm,51
2WNM.pdb,0.39355021291103376,1047,swarm,51
2YSF.pdb,0.3539231598495516,534,swarm,51
3ZGK.pdb,0.3924154379469041,1301,swarm,51
5LXJ.pdb,0.35787057836779085,851,swarm,51
6ACV.pdb,0.4981027761356543,1152,swarm,51
HEEH_KT_rd6_1415.pdb,0.30559809564252394,814,swarm,51
HEEH_rd4_0094.pdb,0.40398070615714454,801,swarm,51
HHH_rd1_0949.pdb,0.3338373010895013,785,swarm,51
HHH_rd4_0124.pdb,0.33008720420127546,803,swarm,51
HHH_rd4_0395.pdb,0.5334764136482504,774,swarm,51
HHH_rd4_0557.pdb,0.4030738737534235,796,swarm,51
HHH_rd4_0613.pdb,0.38357791729113583,770,swarm,51
r10_572_TrROS_Hall.pdb,0.2918181986347454,883,swarm,51
r11_569_TrROS_Hall.pdb,0.28524046051764623,914,swarm,51
r15_550_TrROS_Hall.pdb,0.3656412665740647,1123,swarm,51
r3_162_TrROS_Hall.pdb,0.4514341101719215,957,swarm,51
v2_2LC2.pdb,0.42677468837485616,1060,swarm,51
v2_2LDM.pdb,0.5434186776538691,965,swarm,51
