model,seed,best_epoch,trainable_parameters,training_seconds,macro_MAE,pooled_MAE,pooled_RMSE
ThermoMPNN,,,0,0.0,0.4305183168571775,0.4289468643635904,0.5830796263978804
mlp,42.0,40.0,26165,20.651852394999878,0.4095795411448297,0.414363088597417,0.5592147504602442
mlp,43.0,9.0,26165,19.117293277000044,0.41399690161933866,0.42010672568704815,0.5646327910356201
mlp,44.0,14.0,26165,19.974750646000302,0.4125886204760319,0.4173194584033082,0.5597082386364779
mlp,45.0,29.0,26165,20.76590008500034,0.4084016572785185,0.4145847315647445,0.561608063774156
mlp,46.0,23.0,26165,22.87832388300012,0.4133576749682192,0.4170671770769985,0.5656628467922764
mlp,47.0,19.0,26165,22.00672667200024,0.4101589891752654,0.4150394270410953,0.5590445485961183
mlp,48.0,29.0,26165,21.129937920999964,0.41234271630375163,0.4169949029831789,0.5615040128417068
mlp,49.0,37.0,26165,20.215160512999773,0.4129764573362816,0.41674770819747264,0.5616499157563403
mlp,50.0,27.0,26165,21.74432107599978,0.41180101706421474,0.4168310374983557,0.5622113055283614
mlp,51.0,17.0,26165,24.29248835899989,0.407542628552345,0.41193033443413324,0.5552900455588423
self,42.0,8.0,26101,38.640152016999764,0.40173465629951643,0.40682349855309924,0.5530995649705039
self,43.0,9.0,26101,37.160130668999955,0.40436320877747156,0.40815824395016786,0.5516650822636514
self,44.0,14.0,26101,37.02025536100018,0.409160179019641,0.4113955481428792,0.5584254811426078
self,45.0,6.0,26101,36.98883014000012,0.4052497111770508,0.41068964550900583,0.5593667040560389
self,46.0,11.0,26101,41.02757726599975,0.40517115165790735,0.4071512106379529,0.552265215420208
self,47.0,8.0,26101,40.12103184500029,0.40410580431402404,0.40915443457210765,0.5545705990879128
self,48.0,7.0,26101,34.95699850999972,0.4017825645558822,0.4057588664223883,0.5487576268070966
self,49.0,8.0,26101,34.413959734999935,0.4037789106291566,0.40940718270352294,0.5577551967248963
self,50.0,8.0,26101,36.32523739699991,0.4041040424748698,0.4074213225345859,0.5530850962756785
self,51.0,17.0,26101,34.415038206999725,0.4053266251160861,0.4082856990721363,0.554821150329896
static,42.0,8.0,26101,35.34322611200014,0.40058592415783023,0.40539224177566746,0.5510310915681591
static,43.0,17.0,26101,36.66628839499981,0.40367260726571,0.40613971520980313,0.5513664273830717
static,44.0,18.0,26101,47.33981116999985,0.40630668710394524,0.40884612112375784,0.5573451222937524
static,45.0,15.0,26101,38.9132413960001,0.40435281612023066,0.40601203123179697,0.5548900955275348
static,46.0,11.0,26101,37.232440556000256,0.4060669028115604,0.4077016691463163,0.5530385138627621
static,47.0,8.0,26101,37.60518414900025,0.40297359234727625,0.40775295430607567,0.5524643624984883
static,48.0,7.0,26101,40.90462536299992,0.4019449021161826,0.405529477635117,0.5473583444299743
static,49.0,8.0,26101,40.701551885999834,0.4030448792178466,0.4084548545991423,0.555462841211008
static,50.0,8.0,26101,41.599147468999945,0.40330263038056274,0.406993115975465,0.5527053426384855
static,51.0,23.0,26101,42.264601132999815,0.4011785533820176,0.40335014571196154,0.5506313960096818
swarm,42.0,8.0,26101,40.54615026399961,0.4002600525367256,0.40492558844600185,0.5501467316399438
swarm,43.0,17.0,26101,42.92412698099997,0.4031226159536593,0.40598496647529936,0.5508106704968571
swarm,44.0,18.0,26101,41.189648427000066,0.4063070424584636,0.4089877534450211,0.5569129298404394
swarm,45.0,6.0,26101,41.44554106099986,0.40469156820854485,0.41041851695180365,0.5592029498788578
swarm,46.0,23.0,26101,67.23741143999996,0.4065898354419473,0.4100840134230654,0.563085690916835
swarm,47.0,8.0,26101,45.76794573499956,0.4035158738297915,0.4081986392953701,0.5526343062494282
swarm,48.0,7.0,26101,60.16985419499997,0.40245225059245393,0.40593351085225626,0.547951375479542
swarm,49.0,8.0,26101,37.33387045800009,0.40284297617134013,0.40816270519599873,0.5548722448095652
swarm,50.0,8.0,26101,34.6132604430004,0.4031818788163929,0.40694035256793337,0.5522621647357571
swarm,51.0,23.0,26101,32.07028428099966,0.40265455079512286,0.4050613437021556,0.5529511520469197
